date,value,launches,debris_new
2019-01-01,0.0,0,0
2019-02-01,0.0,0,0
2019-03-01,0.0,0,0
2019-04-01,0.0,0,0
2019-05-01,60.0,0,0
2019-06-01,60.0,0,0
2019-07-01,60.0,0,0
2019-08-01,60.0,0,0
2019-09-01,60.0,0,0
2019-10-01,60.0,0,0
2019-11-01,120.0,0,0
2019-12-01,120.0,0,0
2020-01-01,240.0,0,0
2020-02-01,298.0,0,0
2020-03-01,358.0,0,0
2020-04-01,417.0,0,0
2020-05-01,415.0,0,0
2020-06-01,533.0,0,0
2020-07-01,532.0,0,0
2020-08-01,640.0,0,0
2020-09-01,672.0,0,0
2020-10-01,839.0,0,0
2020-11-01,895.0,0,0
2020-12-01,892.0,0,0
2021-01-01,961.0,0,0
2021-02-01,1081.0,0,0
2021-03-01,1317.0,0,0
2021-04-01,1433.0,0,0
2021-05-01,1663.0,0,0
2021-06-01,1660.0,0,0
2021-07-01,1651.0,0,0
2021-08-01,1639.0,0,0
2021-09-01,1678.0,0,0
2021-10-01,1666.0,0,0
2021-11-01,1709.0,0,0
2021-12-01,1791.0,0,0
2022-01-01,1868.0,0,0
2022-02-01,1969.0,0,0
2022-03-01,2110.0,0,0
2022-04-01,2195.0,0,0
2022-05-01,2405.0,0,0
2022-06-01,2453.0,0,0
2022-07-01,2698.0,0,0
2022-08-01,2940.0,0,0
2022-09-01,3127.0,0,0
2022-10-01,3275.0,0,0
2022-11-01,3268.0,0,0
2022-12-01,3374.0,0,0
2023-01-01,3529.0,0,0
2023-02-01,3703.0,0,0
2023-03-01,3913.0,0,0
2023-04-01,3968.0,0,0
2023-05-01,4198.0,0,0
2023-06-01,4365.0,0,0
2023-07-01,4540.0,0,0
2023-08-01,4661.0,0,0
2023-09-01,4844.0,0,0
2023-10-01,5011.0,0,0
2023-11-01,5141.0,0,0
2023-12-01,5268.0,0,0
2024-01-01,5417.0,0,0
2024-02-01,5527.0,0,0
2024-03-01,5699.0,0,0
2024-04-01,5895.0,0,0
2024-05-01,6077.0,0,0
2024-06-01,6219.0,0,0
