year,date,value,freshwater_withdrawal
1960,1960-01-01,3.245707561963165,
1961,1961-01-01,3.1149701259994096,
1962,1962-01-01,3.4545031632419367,
1963,1963-01-01,3.553987933265134,
1964,1964-01-01,3.19121568944386,
1965,1965-01-01,3.359511783648072,
1966,1966-01-01,3.644982512087996,
1967,1967-01-01,3.6493378046968497,
1968,1968-01-01,3.765221761858228,
1969,1969-01-01,3.710753088283318,
1970,1970-01-01,4.041587115584264,
1971,1971-01-01,4.097313951604665,
1972,1972-01-01,4.061517507859989,
1973,1973-01-01,4.291666826206495,
1974,1974-01-01,4.263674788434581,
1975,1975-01-01,4.1356222595997725,
1976,1976-01-01,4.390796488580117,
1977,1977-01-01,4.262619222778876,
1978,1978-01-01,4.609186900034801,
1979,1979-01-01,4.540898210126256,
1980,1980-01-01,4.5916254841778885,
1981,1981-01-01,4.58818314898457,
1982,1982-01-01,4.94467152338175,
1983,1983-01-01,4.809078642205809,
1984,1984-01-01,4.838976633127147,
1985,1985-01-01,4.921373515813863,
1986,1986-01-01,5.1250076681555825,
1987,1987-01-01,5.1709456419126765,
1988,1988-01-01,5.249006665932947,
1989,1989-01-01,5.322687666580214,
1990,1990-01-01,5.650279398195085,
1991,1991-01-01,5.339037747542308,
1992,1992-01-01,5.394131332574753,
1993,1993-01-01,5.419869574633786,
1994,1994-01-01,5.705300139192777,
1995,1995-01-01,5.853216811650069,
1996,1996-01-01,5.737746591029188,
1997,1997-01-01,5.699782980068524,
1998,1998-01-01,5.773102011194701,
1999,1999-01-01,6.065330853657576,
2000,2000-01-01,6.150197803099871,
2001,2001-01-01,6.191150559600618,
2002,2002-01-01,6.080818705197019,
2003,2003-01-01,6.286437101685815,
2004,2004-01-01,6.340083516532399,
2005,2005-01-01,6.426351676606126,
2006,2006-01-01,6.595230445724487,
2007,2007-01-01,6.569023203283944,
2008,2008-01-01,6.70828864736401,
2009,2009-01-01,6.687556215262044,
2010,2010-01-01,6.791755006577691,
2011,2011-01-01,6.91404807258546,
2012,2012-01-01,6.671749207666812,
2013,2013-01-01,6.91333964012705,
2014,2014-01-01,6.961702166372211,9.01631552798605
2015,2015-01-01,7.007394129215112,9.01676449545846
2016,2016-01-01,7.132922210703094,9.10095512362168
2017,2017-01-01,7.46940248700774,9.17202359570753
2018,2018-01-01,7.186254364904078,9.1404342242022
2019,2019-01-01,7.532338527382271,9.16433163250758
2020,2020-01-01,7.205634050386662,9.07569117569387
2021,2021-01-01,7.47879950356665,9.2339298524297
2022,2022-01-01,7.624412959765752,
