date,value,precip,extraction_usgs,withdrawal
1980-01-01,,715.0,83.0,18.3676366217175
1980-02-01,,715.0,82.84,18.35211142654362
1980-03-01,,715.0,82.68,18.336586231369736
1980-04-01,,715.0,82.52,18.32106103619585
1980-05-01,,715.0,82.36,18.305535841021968
1980-06-01,,715.0,82.2,18.290010645848085
1980-07-01,,715.0,82.04,18.2744854506742
1980-08-01,,715.0,81.88,18.258960255500316
1980-09-01,,715.0,81.72,18.243435060326433
1980-10-01,,715.0,81.56,18.22790986515255
1980-11-01,,715.0,81.4,18.21238466997867
1980-12-01,,715.0,81.24,18.196859474804782
1981-01-01,,715.0,81.08,18.1813342796309
1981-02-01,,715.0,80.92,18.165809084457024
1981-03-01,,715.0,80.76,18.15028388928315
1981-04-01,,715.0,80.6,18.134758694109273
1981-05-01,,715.0,80.44,18.1192334989354
1981-06-01,,715.0,80.28,18.103708303761525
1981-07-01,,715.0,80.12,18.08818310858765
1981-08-01,,715.0,79.96000000000001,18.072657913413774
1981-09-01,,715.0,79.8,18.0571327182399
1981-10-01,,715.0,79.64,18.041607523066027
1981-11-01,,715.0,79.48,18.02608232789215
1981-12-01,,715.0,79.32000000000001,18.010557132718276
1982-01-01,,715.0,79.16,17.9950319375444
1982-02-01,,715.0,79.0,17.979506742370518
1982-03-01,,715.0,78.84,17.963981547196635
1982-04-01,,715.0,78.68,17.948456352022752
1982-05-01,,715.0,78.52000000000001,17.932931156848866
1982-06-01,,715.0,78.36,17.917405961674984
1982-07-01,,715.0,78.2,17.9018807665011
1982-08-01,,715.0,78.04,17.88635557132722
1982-09-01,,715.0,77.88000000000001,17.870830376153336
1982-10-01,,715.0,77.72,17.85530518097945
1982-11-01,,715.0,77.56,17.839779985805567
1982-12-01,,715.0,77.4,17.824254790631684
1983-01-01,,715.0,77.24000000000001,17.8087295954578
1983-02-01,,715.0,77.08,17.79320440028392
1983-03-01,,715.0,76.92,17.777679205110033
1983-04-01,,715.0,76.76,17.76215400993615
1983-05-01,,715.0,76.60000000000001,17.746628814762268
1983-06-01,,715.0,76.44,17.731103619588385
1983-07-01,,715.0,76.28,17.715578424414502
1983-08-01,,715.0,76.12,17.700053229240616
1983-09-01,,715.0,75.96000000000001,17.684528034066734
1983-10-01,,715.0,75.80000000000001,17.66900283889285
1983-11-01,,715.0,75.64,17.653477643718965
1983-12-01,,715.0,75.48,17.637952448545082
1984-01-01,,715.0,75.32000000000001,17.6224272533712
1984-02-01,,715.0,75.16000000000001,17.606902058197317
1984-03-01,,715.0,75.0,17.591376863023434
1984-04-01,,715.0,74.84,17.575851667849548
1984-05-01,,715.0,74.68,17.560326472675666
1984-06-01,,715.0,74.52000000000001,17.544801277501783
1984-07-01,,715.0,74.36000000000001,17.5292760823279
1984-08-01,,715.0,74.2,17.513750887154018
1984-09-01,,715.0,74.04,17.498225691980135
1984-10-01,,715.0,73.88000000000001,17.482700496806252
1984-11-01,,715.0,73.72,17.467175301632366
1984-12-01,,715.0,73.56,17.451650106458484
1985-01-01,,715.0,73.4,17.4361249112846
1985-02-01,,715.0,73.5,17.42059971611072
1985-03-01,,715.0,73.60000000000001,17.405074520936836
1985-04-01,,715.0,73.7,17.38954932576295
1985-05-01,,715.0,73.80000000000001,17.374024130589067
1985-06-01,,715.0,73.9,17.358498935415184
1985-07-01,,715.0,74.0,17.3429737402413
1985-08-01,,715.0,74.10000000000001,17.327448545067416
1985-09-01,,715.0,74.2,17.311923349893533
1985-10-01,,715.0,74.30000000000001,17.29639815471965
1985-11-01,,715.0,74.4,17.280872959545768
1985-12-01,,715.0,74.5,17.26534776437188
1986-01-01,,715.0,74.60000000000001,17.249822569198
1986-02-01,,715.0,74.7,17.234297374024116
1986-03-01,,715.0,74.80000000000001,17.218772178850234
1986-04-01,,715.0,74.9,17.20324698367635
1986-05-01,,715.0,75.0,17.187721788502465
1986-06-01,,715.0,75.10000000000001,17.172196593328582
1986-07-01,,715.0,75.2,17.1566713981547
1986-08-01,,715.0,75.30000000000001,17.141146202980817
1986-09-01,,715.0,75.4,17.125621007806934
1986-10-01,,715.0,75.5,17.11009581263305
1986-11-01,,715.0,75.60000000000001,17.094570617459166
1986-12-01,,715.0,75.7,17.079045422285283
1987-01-01,,715.0,75.80000000000001,17.0635202271114
1987-02-01,,715.0,75.9,17.047995031937518
1987-03-01,,715.0,76.0,17.03246983676363
1987-04-01,,715.0,76.10000000000001,17.01694464158975
1987-05-01,,715.0,76.2,17.001419446415866
1987-06-01,,715.0,76.30000000000001,16.985894251241984
1987-07-01,,715.0,76.4,16.9703690560681
1987-08-01,,715.0,76.5,16.954843860894215
1987-09-01,,715.0,76.60000000000001,16.939318665720332
1987-10-01,,715.0,76.7,16.92379347054645
1987-11-01,,715.0,76.80000000000001,16.908268275372563
1987-12-01,,715.0,76.9,16.89274308019868
1988-01-01,,715.0,77.0,16.8772178850248
1988-02-01,,715.0,77.10000000000001,16.861692689850923
1988-03-01,,715.0,77.2,16.846167494677047
1988-04-01,,715.0,77.30000000000001,16.830642299503175
1988-05-01,,715.0,77.4,16.8151171043293
1988-06-01,,715.0,77.5,16.799591909155424
1988-07-01,,715.0,77.60000000000001,16.78406671398155
1988-08-01,,715.0,77.7,16.768541518807673
1988-09-01,,715.0,77.80000000000001,16.753016323633798
1988-10-01,,715.0,77.9,16.737491128459922
1988-11-01,,715.0,78.0,16.72196593328605
1988-12-01,,715.0,78.10000000000001,16.706440738112175
1989-01-01,,715.0,78.2,16.6909155429383
1989-02-01,,715.0,78.30000000000001,16.675390347764417
1989-03-01,,715.0,78.4,16.659865152590534
1989-04-01,,715.0,78.5,16.644339957416648
1989-05-01,,715.0,78.60000000000001,16.628814762242765
1989-06-01,,715.0,78.7,16.613289567068882
1989-07-01,,715.0,78.80000000000001,16.597764371895
1989-08-01,,715.0,78.9,16.582239176721117
1989-09-01,,715.0,79.0,16.566713981547235
1989-10-01,,715.0,79.10000000000001,16.551188786373352
1989-11-01,,715.0,79.2,16.535663591199466
1989-12-01,,715.0,79.30000000000001,16.520138396025583
1990-01-01,,715.0,79.4,16.5046132008517
1990-02-01,,715.0,79.39722222222223,16.50712680387985
1990-03-01,,715.0,79.39444444444445,16.509640406908
1990-04-01,,715.0,79.39166666666667,16.51215400993615
1990-05-01,,715.0,79.3888888888889,16.5146676129643
1990-06-01,,715.0,79.38611111111112,16.51718121599245
1990-07-01,,715.0,79.38333333333334,16.5196948190206
1990-08-01,,715.0,79.38055555555556,16.52220842204875
1990-09-01,,715.0,79.37777777777778,16.5247220250769
1990-10-01,,715.0,79.375,16.52723562810505
1990-11-01,,715.0,79.37222222222223,16.5297492311332
1990-12-01,,715.0,79.36944444444445,16.53226283416135
1991-01-01,,715.0,79.36666666666667,16.5347764371895
1991-02-01,,715.0,79.3638888888889,16.53729004021765
1991-03-01,,715.0,79.36111111111111,16.5398036432458
1991-04-01,,715.0,79.35833333333333,16.54231724627395
1991-05-01,,715.0,79.35555555555555,16.544830849302098
1991-06-01,,715.0,79.35277777777779,16.54734445233025
1991-07-01,,715.0,79.35000000000001,16.5498580553584
1991-08-01,,715.0,79.34722222222223,16.552371658386548
1991-09-01,,715.0,79.34444444444445,16.5548852614147
1991-10-01,,715.0,79.34166666666667,16.55739886444285
1991-11-01,,715.0,79.33888888888889,16.559912467470998
1991-12-01,,715.0,79.33611111111112,16.56242607049915
1992-01-01,,715.0,79.33333333333334,16.5649396735273
1992-02-01,,715.0,79.33055555555556,16.567453276555458
1992-03-01,,715.0,79.32777777777778,16.569966879583617
1992-04-01,,715.0,79.325,16.572480482611773
1992-05-01,,715.0,79.32222222222222,16.574994085639933
1992-06-01,,715.0,79.31944444444446,16.577507688668092
1992-07-01,,715.0,79.31666666666668,16.580021291696248
1992-08-01,,715.0,79.3138888888889,16.582534894724407
1992-09-01,,715.0,79.31111111111112,16.585048497752567
1992-10-01,,715.0,79.30833333333334,16.587562100780726
1992-11-01,,715.0,79.30555555555556,16.590075703808886
1992-12-01,,715.0,79.30277777777778,16.59258930683704
1993-01-01,,715.0,79.30000000000001,16.5951029098652
1993-02-01,,715.0,79.29722222222223,16.59761651289335
1993-03-01,,715.0,79.29444444444445,16.600130115921502
1993-04-01,,715.0,79.29166666666667,16.60264371894965
1993-05-01,,715.0,79.28888888888889,16.6051573219778
1993-06-01,,715.0,79.28611111111111,16.60767092500595
1993-07-01,,715.0,79.28333333333335,16.6101845280341
1993-08-01,,715.0,79.28055555555557,16.61269813106225
1993-09-01,,715.0,79.27777777777779,16.6152117340904
1993-10-01,,715.0,79.275,16.61772533711855
1993-11-01,,715.0,79.27222222222223,16.6202389401467
1993-12-01,,715.0,79.26944444444445,16.62275254317485
1994-01-01,,715.0,79.26666666666667,16.625266146203
1994-02-01,,715.0,79.2638888888889,16.62777974923115
1994-03-01,,715.0,79.26111111111112,16.6302933522593
1994-04-01,,715.0,79.25833333333334,16.63280695528745
1994-05-01,,715.0,79.25555555555556,16.6353205583156
1994-06-01,,715.0,79.25277777777778,16.63783416134375
1994-07-01,,715.0,79.25,16.6403477643719
1994-08-01,,715.0,79.24722222222223,16.642861367400048
1994-09-01,,715.0,79.24444444444445,16.6453749704282
1994-10-01,,715.0,79.24166666666667,16.64788857345635
1994-11-01,,715.0,79.2388888888889,16.650402176484498
1994-12-01,,715.0,79.23611111111111,16.65291577951265
1995-01-01,,715.0,79.23333333333333,16.6554293825408
1995-02-01,,715.0,79.23055555555555,16.657942985568948
1995-03-01,,715.0,79.22777777777779,16.6604565885971
1995-04-01,,715.0,79.22500000000001,16.66297019162525
1995-05-01,,715.0,79.22222222222223,16.6654837946534
1995-06-01,,715.0,79.21944444444445,16.66799739768155
1995-07-01,,715.0,79.21666666666667,16.670511000709702
1995-08-01,,715.0,79.21388888888889,16.67302460373785
1995-09-01,,715.0,79.21111111111112,16.675538206766
1995-10-01,,715.0,79.20833333333334,16.67805180979415
1995-11-01,,715.0,79.20555555555556,16.6805654128223
1995-12-01,,715.0,79.20277777777778,16.683079015850453
1996-01-01,,715.0,79.2,16.6855926188786
1996-02-01,,715.0,79.19722222222222,16.68810622190676
1996-03-01,,715.0,79.19444444444446,16.690619824934917
1996-04-01,,715.0,79.19166666666668,16.693133427963076
1996-05-01,,715.0,79.1888888888889,16.695647030991235
1996-06-01,,715.0,79.18611111111112,16.69816063401939
1996-07-01,,715.0,79.18333333333334,16.70067423704755
1996-08-01,,715.0,79.18055555555556,16.70318784007571
1996-09-01,,715.0,79.17777777777778,16.705701443103866
1996-10-01,,715.0,79.17500000000001,16.708215046132025
1996-11-01,,715.0,79.17222222222223,16.710728649160185
1996-12-01,,715.0,79.16944444444445,16.71324225218834
1997-01-01,,715.0,79.16666666666667,16.7157558552165
1997-02-01,,715.0,79.16388888888889,16.71826945824465
1997-03-01,,715.0,79.16111111111111,16.7207830612728
1997-04-01,,715.0,79.15833333333335,16.72329666430095
1997-05-01,,715.0,79.15555555555557,16.7258102673291
1997-06-01,,715.0,79.15277777777779,16.72832387035725
1997-07-01,,715.0,79.15,16.7308374733854
1997-08-01,,715.0,79.14722222222223,16.73335107641355
1997-09-01,,715.0,79.14444444444445,16.7358646794417
1997-10-01,,715.0,79.14166666666667,16.73837828246985
1997-11-01,,715.0,79.1388888888889,16.740891885497998
1997-12-01,,715.0,79.13611111111112,16.74340548852615
1998-01-01,,715.0,79.13333333333334,16.7459190915543
1998-02-01,,715.0,79.13055555555556,16.748432694582448
1998-03-01,,715.0,79.12777777777778,16.7509462976106
1998-04-01,,715.0,79.125,16.75345990063875
1998-05-01,,715.0,79.12222222222223,16.7559735036669
1998-06-01,,715.0,79.11944444444445,16.75848710669505
1998-07-01,,715.0,79.11666666666667,16.7610007097232
1998-08-01,,715.0,79.1138888888889,16.76351431275135
1998-09-01,,715.0,79.11111111111111,16.7660279157795
1998-10-01,,715.0,79.10833333333333,16.768541518807652
1998-11-01,,715.0,79.10555555555555,16.7710551218358
1998-12-01,,715.0,79.10277777777779,16.773568724863953
1999-01-01,,715.0,79.10000000000001,16.7760823278921
1999-02-01,,715.0,79.09722222222223,16.77859593092026
1999-03-01,,715.0,79.09444444444445,16.781109533948417
1999-04-01,,715.0,79.09166666666667,16.783623136976576
1999-05-01,,715.0,79.08888888888889,16.786136740004736
1999-06-01,,715.0,79.08611111111112,16.78865034303289
1999-07-01,,715.0,79.08333333333334,16.79116394606105
1999-08-01,,715.0,79.08055555555556,16.79367754908921
1999-09-01,,715.0,79.07777777777778,16.796191152117366
1999-10-01,,715.0,79.075,16.798704755145526
1999-11-01,,715.0,79.07222222222222,16.801218358173685
1999-12-01,,715.0,79.06944444444446,16.80373196120184
2000-01-01,,715.0,79.06666666666668,16.80624556423
2000-02-01,,715.0,79.0638888888889,16.809202744263118
2000-03-01,,715.0,79.06111111111112,16.812159924296232
2000-04-01,,715.0,79.05833333333334,16.81511710432935
2000-05-01,,715.0,79.05555555555556,16.818074284362467
2000-06-01,,715.0,79.05277777777778,16.821031464395585
2000-07-01,,715.0,79.05000000000001,16.823988644428702
2000-08-01,,715.0,79.04722222222223,16.826945824461816
2000-09-01,,715.0,79.04444444444445,16.829903004494934
2000-10-01,,715.0,79.04166666666667,16.83286018452805
2000-11-01,,715.0,79.03888888888889,16.835817364561166
2000-12-01,,715.0,79.03611111111111,16.838774544594283
2001-01-01,,715.0,79.03333333333335,16.8417317246274
2001-02-01,,715.0,79.03055555555557,16.84468890466052
2001-03-01,,715.0,79.02777777777779,16.847646084693633
2001-04-01,,715.0,79.025,16.85060326472675
2001-05-01,,715.0,79.02222222222223,16.853560444759868
2001-06-01,,715.0,79.01944444444445,16.856517624792982
2001-07-01,,715.0,79.01666666666667,16.8594748048261
2001-08-01,,715.0,79.0138888888889,16.862431984859217
2001-09-01,,715.0,79.01111111111112,16.86538916489233
2001-10-01,,715.0,79.00833333333334,16.86834634492545
2001-11-01,,715.0,79.00555555555556,16.871303524958567
2001-12-01,,715.0,79.00277777777778,16.87426070499168
2002-01-01,,715.0,79.0,16.8772178850248
2002-02-01,,715.0,78.99722222222223,16.880175065057923
2002-03-01,,715.0,78.99444444444445,16.883132245091048
2002-04-01,73.6687436795953,715.0,78.99166666666667,16.886089425124172
2002-05-01,56.208860757284455,715.0,78.9888888888889,16.889046605157297
2002-06-01,,715.0,78.98611111111111,16.892003785190422
2002-07-01,,715.0,78.98333333333333,16.894960965223547
2002-08-01,40.04253597168865,715.0,78.98055555555555,16.897918145256675
2002-09-01,21.72532653192222,715.0,78.97777777777779,16.9008753252898
2002-10-01,33.211498072107794,715.0,78.97500000000001,16.903832505322924
2002-11-01,10.948106881019534,715.0,78.97222222222223,16.90678968535605
2002-12-01,34.574468278003124,715.0,78.96944444444445,16.909746865389174
2003-01-01,18.912060373266506,715.0,78.96666666666667,16.9127040454223
2003-02-01,32.92872173166366,715.0,78.96388888888889,16.915661225455416
2003-03-01,23.179830445148895,715.0,78.96111111111112,16.91861840548853
2003-04-01,37.66516042859062,715.0,78.95833333333334,16.921575585521648
2003-05-01,33.08713184492441,715.0,78.95555555555556,16.924532765554765
2003-06-01,,715.0,78.95277777777778,16.927489945587883
2003-07-01,-14.871420957320755,715.0,78.95,16.930447125621
2003-08-01,-13.97392915947631,715.0,78.94722222222222,16.933404305654115
2003-09-01,-13.37647584658276,715.0,78.94444444444446,16.936361485687232
2003-10-01,-2.7812675127905986,715.0,78.94166666666668,16.93931866572035
2003-11-01,-8.31705607985597,715.0,78.9388888888889,16.942275845753464
2003-12-01,3.646312228569903,715.0,78.93611111111112,16.94523302578658
2004-01-01,0.5661709998207953,715.0,78.93333333333334,16.9481902058197
2004-02-01,-19.10605520338486,715.0,78.93055555555556,16.951147385852824
2004-03-01,5.202471485584398,715.0,78.92777777777778,16.95410456588595
2004-04-01,10.829410183262832,715.0,78.92500000000001,16.957061745919074
2004-05-01,-22.17149897125399,715.0,78.92222222222223,16.9600189259522
2004-06-01,-28.966171896835533,715.0,78.91944444444445,16.962976105985323
2004-07-01,-3.579989340978954,715.0,78.91666666666667,16.965933286018448
2004-08-01,-16.900208991784275,715.0,78.91388888888889,16.968890466051576
2004-09-01,-5.016758449750825,715.0,78.91111111111111,16.9718476460847
2004-10-01,-13.19699817083092,715.0,78.90833333333335,16.974804826117825
2004-11-01,-14.2648294113142,715.0,78.90555555555557,16.97776200615095
2004-12-01,-17.296010966654833,715.0,78.90277777777779,16.980719186184075
2005-01-01,9.158751281904967,715.0,78.9,16.9836763662172
2005-02-01,9.092322049290154,715.0,78.92833333333334,16.948308493021074
2005-03-01,17.07404883724189,715.0,78.95666666666668,16.91294061982495
2005-04-01,9.821838631572346,715.0,78.985,16.877572746628825
2005-05-01,13.721129296598695,715.0,79.01333333333334,16.8422048734327
2005-06-01,8.023384279388019,715.0,79.04166666666667,16.806837000236573
2005-07-01,2.0236119085762154,715.0,79.07000000000001,16.771469127040447
2005-08-01,1.747911044284018,715.0,79.09833333333334,16.736101253844325
2005-09-01,-11.254634964664474,715.0,79.12666666666667,16.7007333806482
2005-10-01,-21.18268168509657,715.0,79.155,16.665365507452073
2005-11-01,-3.614071579532936,715.0,79.18333333333334,16.62999763425595
2005-12-01,3.895809655042385,715.0,79.21166666666667,16.594629761059824
2006-01-01,-1.4081000423672512,715.0,79.24000000000001,16.5592618878637
2006-02-01,2.6799677942724918,715.0,79.26833333333335,16.523894014667583
2006-03-01,-20.084046736610674,715.0,79.29666666666667,16.488526141471464
2006-04-01,2.231418883560215,715.0,79.325,16.45315826827535
2006-05-01,-9.988957341711359,715.0,79.35333333333334,16.417790395079233
2006-06-01,-22.885827023687895,715.0,79.38166666666667,16.382422521883115
2006-07-01,-30.747472689651865,715.0,79.41000000000001,16.347054648687
2006-08-01,-37.98057142290626,715.0,79.43833333333333,16.311686775490884
2006-09-01,-45.60556867996819,715.0,79.46666666666667,16.276318902294765
2006-10-01,-45.32023810653679,715.0,79.495,16.24095102909865
2006-11-01,-32.94033089090698,715.0,79.52333333333334,16.205583155902534
2006-12-01,-23.394472536752755,715.0,79.55166666666668,16.170215282706415
2007-01-01,-19.91374310013464,715.0,79.58,16.1348474095103
2007-02-01,-30.123478433365804,715.0,79.60833333333333,16.099479536314185
2007-03-01,-16.904943066356168,715.0,79.63666666666667,16.064111663118066
2007-04-01,2.395508612156521,715.0,79.665,16.02874378992195
2007-05-01,22.626784898213106,715.0,79.69333333333334,15.993375916725833
2007-06-01,8.14792814716578,715.0,79.72166666666666,15.958008043529716
2007-07-01,-6.687827360544542,715.0,79.75,15.922640170333601
2007-08-01,-15.446150600982351,715.0,79.77833333333334,15.887272297137484
2007-09-01,-12.392157167685513,715.0,79.80666666666667,15.851904423941367
2007-10-01,10.893082409026919,715.0,79.83500000000001,15.81653655074525
2007-11-01,21.45996295310581,715.0,79.86333333333333,15.781168677549132
2007-12-01,11.284296941290489,715.0,79.89166666666667,15.745800804353017
2008-01-01,18.27307629153195,715.0,79.92,15.7104329311569
2008-02-01,17.72380139093523,715.0,79.94833333333334,15.675065057960776
2008-03-01,17.258243105902334,715.0,79.97666666666667,15.63969718476465
2008-04-01,11.618848810161523,715.0,80.00500000000001,15.604329311568526
2008-05-01,23.33539930390037,715.0,80.03333333333333,15.5689614383724
2008-06-01,24.84883061881816,715.0,80.06166666666667,15.533593565176275
2008-07-01,13.593543002377515,715.0,80.09,15.49822569198015
2008-08-01,18.890332399110775,715.0,80.11833333333334,15.462857818784025
2008-09-01,11.03608762028098,715.0,80.14666666666668,15.4274899455879
2008-10-01,23.113929477037495,715.0,80.175,15.392122072391775
2008-11-01,17.49865145595409,715.0,80.20333333333333,15.35675419919565
2008-12-01,16.203109708654676,715.0,80.23166666666667,15.321386325999525
2009-01-01,30.19870445654351,715.0,80.26,15.2860184528034
2009-02-01,25.442410934801025,715.0,80.28833333333334,15.250650579607283
2009-03-01,22.35208010401182,715.0,80.31666666666666,15.215282706411166
2009-04-01,16.208265094951,715.0,80.345,15.17991483321505
2009-05-01,21.521596350277253,715.0,80.37333333333333,15.144546960018934
2009-06-01,29.22604662670993,715.0,80.40166666666667,15.109179086822817
2009-07-01,11.03424522378963,715.0,80.43,15.073811213626701
2009-08-01,8.722013579304006,715.0,80.45833333333333,15.038443340430584
2009-09-01,-3.6796833182601554,715.0,80.48666666666666,15.003075467234467
2009-10-01,-0.2597633219014387,715.0,80.515,14.96770759403835
2009-11-01,2.599312018076097,715.0,80.54333333333334,14.932339720842233
2009-12-01,21.45680827675158,715.0,80.57166666666667,14.896971847646117
2010-01-01,35.055980385300515,715.0,80.6,14.86160397445
2010-02-01,9.840585217515478,715.0,80.62833333333333,14.876679678258842
2010-03-01,19.84911684720962,715.0,80.65666666666667,14.891755382067684
2010-04-01,32.272585360530066,715.0,80.685,14.906831085876526
2010-05-01,49.14558174500721,715.0,80.71333333333334,14.921906789685368
2010-06-01,65.47342543595848,715.0,80.74166666666667,14.93698249349421
2010-07-01,43.58472331551739,715.0,80.77,14.95205819730305
2010-08-01,37.853142598697495,715.0,80.79833333333333,14.967133901111891
2010-09-01,27.83487665084095,715.0,80.82666666666667,14.982209604920733
2010-10-01,21.207465593353408,715.0,80.855,14.997285308729575
2010-11-01,38.290297113215566,715.0,80.88333333333334,15.012361012538417
2010-12-01,49.457827987629,715.0,80.91166666666666,15.027436716347259
2011-01-01,,715.0,80.94,15.0425124201561
2011-02-01,4.575753261146449,715.0,80.96833333333333,15.057588123964951
2011-03-01,16.38048244605665,715.0,80.99666666666667,15.0726638277738
2011-04-01,37.635838273174514,715.0,81.025,15.08773953158265
2011-05-01,36.8920578880413,715.0,81.05333333333333,15.1028152353915
2011-06-01,,715.0,81.08166666666666,15.11789093920035
2011-07-01,36.41451247518261,715.0,81.11,15.132966643009201
2011-08-01,25.213098921302887,715.0,81.13833333333334,15.14804234681805
2011-09-01,23.183023773200002,715.0,81.16666666666667,15.1631180506269
2011-10-01,31.642142103011352,715.0,81.195,15.17819375443575
2011-11-01,32.57117142534268,715.0,81.22333333333333,15.1932694582446
2011-12-01,19.624984415609134,715.0,81.25166666666667,15.20834516205345
2012-01-01,11.124024683053735,715.0,81.28,15.2234208658623
2012-02-01,29.822024671975374,715.0,81.30833333333334,15.23849656967115
2012-03-01,37.62431772409019,715.0,81.33666666666667,15.25357227348
2012-04-01,34.29547951220468,715.0,81.365,15.26864797728885
2012-05-01,,715.0,81.39333333333333,15.2837236810977
2012-06-01,-9.747100973907894,715.0,81.42166666666667,15.29879938490655
2012-07-01,-6.819035616161534,715.0,81.45,15.313875088715399
2012-08-01,-15.326002658995778,715.0,81.47833333333334,15.32895079252425
2012-09-01,-21.796013749412936,715.0,81.50666666666666,15.3440264963331
2012-10-01,,715.0,81.535,15.35910220014195
2012-11-01,-41.34412315446728,715.0,81.56333333333333,15.3741779039508
2012-12-01,-42.004484809087394,715.0,81.59166666666667,15.389253607759649
2013-01-01,-55.71168049827282,715.0,81.62,15.4043293115685
2013-02-01,-64.9928817327478,715.0,81.64833333333333,15.41940501537735
2013-03-01,,715.0,81.67666666666666,15.4344807191862
2013-04-01,-60.17738384604283,715.0,81.705,15.44955642299505
2013-05-01,-37.493414855375875,715.0,81.73333333333333,15.464632126803899
2013-06-01,-28.102761693906334,715.0,81.76166666666667,15.47970783061275
2013-07-01,-45.22722824615459,715.0,81.78999999999999,15.4947835344216
2013-08-01,,715.0,81.81833333333333,15.50985923823045
2013-09-01,,715.0,81.84666666666666,15.5249349420393
2013-10-01,-62.23033334049531,715.0,81.875,15.540010645848149
2013-11-01,-56.97261126348052,715.0,81.90333333333334,15.555086349657
2013-12-01,-49.3563453993883,715.0,81.93166666666667,15.570162053465848
2014-01-01,-37.22699357404407,715.0,81.96,15.5852377572747
2014-02-01,,715.0,81.98833333333333,15.600313461083541
2014-03-01,-66.47201024789949,715.0,82.01666666666667,15.615389164892383
2014-04-01,-53.455753630192135,715.0,82.045,15.630464868701225
2014-05-01,-38.87597213753479,715.0,82.07333333333334,15.645540572510066
2014-06-01,-32.900286786057464,715.0,82.10166666666666,15.660616276318908
2014-07-01,,715.0,82.13,15.675691980127748
2014-08-01,-58.368086030542855,715.0,82.15833333333333,15.69076768393659
2014-09-01,-64.74563816448962,715.0,82.18666666666667,15.705843387745432
2014-10-01,-64.4041758013639,715.0,82.215,15.720919091554274
2014-11-01,-60.653192024401,715.0,82.24333333333333,15.735994795363116
2014-12-01,,715.0,82.27166666666666,15.751070499171957
2015-01-01,-91.92658722121202,715.0,82.3,15.7661462029808
2015-02-01,-44.04966039772617,715.0,,15.7661462029808
2015-03-01,-52.885264219187306,715.0,,15.7661462029808
2015-04-01,-60.64640674176342,715.0,,15.7661462029808
2015-05-01,-94.94487379153912,715.0,,15.7661462029808
2015-06-01,,715.0,,15.7661462029808
2015-07-01,-15.270253370590451,715.0,,15.7661462029808
2015-08-01,-33.29335550887161,715.0,,15.7661462029808
2015-09-01,-38.15387693220756,715.0,,15.7661462029808
2015-10-01,,715.0,,15.7661462029808
2015-11-01,,715.0,,15.7661462029808
2015-12-01,-24.613991030646233,715.0,,15.7661462029808
2016-01-01,-33.537456561185415,715.0,,15.7661462029808
2016-02-01,5.9461492970193435,715.0,,15.7661462029808
2016-03-01,-1.0968153260723295,715.0,,15.7661462029808
2016-04-01,,715.0,,15.7661462029808
2016-05-01,32.231222474240084,715.0,,15.7661462029808
2016-06-01,6.199328942185245,715.0,,15.7661462029808
2016-07-01,-1.3187631598498035,715.0,,15.7661462029808
2016-08-01,-12.73963344693058,715.0,,15.7661462029808
2016-09-01,,715.0,,15.7661462029808
2016-10-01,,715.0,,15.7661462029808
2016-11-01,11.19519598157562,715.0,,15.7661462029808
2016-12-01,6.679043050747042,715.0,,15.7661462029808
2017-01-01,23.721355273516163,715.0,,15.7661462029808
2017-02-01,,715.0,,15.7661462029808
2017-03-01,-9.298242698468123,715.0,,15.7661462029808
2017-04-01,1.099127387875776,715.0,,15.7661462029808
2017-05-01,17.406140644205628,715.0,,15.7661462029808
2017-06-01,-5.022329654730159,715.0,,15.7661462029808
2017-07-01,,715.0,,15.7661462029808
2017-08-01,,715.0,,15.7661462029808
2017-09-01,,715.0,,15.7661462029808
2017-10-01,,715.0,,15.7661462029808
2017-11-01,,715.0,,15.7661462029808
2017-12-01,,715.0,,15.7661462029808
2018-01-01,,715.0,,15.7661462029808
2018-02-01,,715.0,,15.7661462029808
2018-03-01,,715.0,,15.7661462029808
2018-04-01,,715.0,,15.7661462029808
2018-05-01,,715.0,,15.7661462029808
2018-06-01,1.4526737447636062,715.0,,15.7661462029808
2018-07-01,-22.16505613919831,715.0,,15.7661462029808
2018-08-01,,715.0,,15.7661462029808
2018-09-01,,715.0,,15.7661462029808
2018-10-01,3.563845030617738,715.0,,15.7661462029808
2018-11-01,-4.323416284399814,715.0,,15.7661462029808
2018-12-01,-9.391921096196084,715.0,,15.7661462029808
2019-01-01,-23.49253359300477,715.0,,15.7661462029808
2019-02-01,-45.228461624500646,715.0,,15.7661462029808
2019-03-01,-40.33789514569788,715.0,,15.7661462029808
2019-04-01,-19.945991083483197,715.0,,15.7661462029808
2019-05-01,17.65457596076029,715.0,,15.7661462029808
2019-06-01,44.41141953935059,715.0,,15.7661462029808
2019-07-01,31.379859423623103,715.0,,15.7661462029808
2019-08-01,33.312529520763434,715.0,,15.7661462029808
2019-09-01,27.334474123766036,715.0,,15.7661462029808
2019-10-01,25.7787163910945,715.0,,15.7661462029808
2019-11-01,20.99708989248702,715.0,,15.7661462029808
2019-12-01,31.16571264145181,715.0,,15.7661462029808
2020-01-01,38.11768841896979,715.0,,15.7661462029808
2020-02-01,41.99559570850903,715.0,,15.7661462029808
2020-03-01,39.81509859522771,715.0,,15.7661462029808
2020-04-01,4.196394486914963,715.0,,15.7661462029808
2020-05-01,28.77697279775824,715.0,,15.7661462029808
2020-06-01,13.254540478040783,715.0,,15.7661462029808
2020-07-01,33.682168686533814,715.0,,15.7661462029808
2020-08-01,8.50863357023001,715.0,,15.7661462029808
2020-09-01,2.015345101048101,715.0,,15.7661462029808
2020-10-01,15.923617102072397,715.0,,15.7661462029808
2020-11-01,-4.311121518161485,715.0,,15.7661462029808
2020-12-01,-1.4611235786265568,715.0,,15.7661462029808
