date,value,unrelated_driver
2020-01-01,10119.59634477851,0.0
2020-01-02,9704.35168217435,0.017213356155834685
2020-01-03,9997.074095857422,0.03442161162274574
2020-01-04,10377.241058427906,0.051619667223253764
2020-01-05,9595.302356806993,0.06880242680231986
2020-01-06,9105.571333204629,0.08596479873744647
2020-01-07,9149.50771982938,0.10310169744743485
2020-01-08,9031.788167649205,0.1202080448993527
2020-01-09,9023.013116945636,0.13727877211326478
2020-01-10,8717.709833308505,0.15430882066428117
2020-01-11,9027.111956348364,0.1712931441814776
2020-01-12,9309.581755358337,0.1882267098432442
2020-01-13,9331.403142376636,0.2051044998686192
2020-01-14,9758.854651172835,0.2219215130041655
2020-01-15,9940.083449096892,0.2386727660059501
2020-01-16,9601.350036602922,0.255353295116187
2020-01-17,9741.097088775352,0.2719581575341055
2020-01-18,9371.736876207873,0.288482432880609
2020-01-19,9703.98335901256,0.30492122465628907
2020-01-20,9681.71853697266,0.3212696616923644
2020-01-21,9607.508477119865,0.3375228995941133
2020-01-22,9346.5542318595,0.3536761221763716
2020-01-23,9812.032096821807,0.3697245428906731
2020-01-24,9748.644193743827,0.38566340624360707
2020-01-25,9580.167780025313,0.401487989205973
2020-01-26,9443.340304481473,0.4171936026123168
2020-01-27,9643.673753682191,0.4327755925504312
2020-01-28,9782.742787804842,0.4482293417404106
2020-01-29,9942.606382766762,0.4635502709028509
2020-01-30,10112.396403820252,0.47873384011578846
2020-01-31,11013.567721735708,0.4937755501599772
2020-02-01,10832.721707913735,0.5086709438521044
2020-02-02,10609.83745131301,0.5234156073655503
2020-02-03,10266.957440633361,0.5380051715382996
2020-02-04,10519.912606971824,0.5524353131676196
2020-02-05,11002.569007442156,0.5667017562911176
2020-02-06,10949.249261906336,0.5808002734538009
2020-02-07,10584.22446218411,0.5947266869607634
2020-02-08,10237.786003609539,0.6084768701151261
2020-02-09,10504.556308272298,0.6220467484408675
2020-02-10,10818.301291568432,0.6354323008901774
2020-02-11,11052.597130068129,0.6486295610349814
2020-02-12,10759.026174951927,0.6616346182422783
2020-02-13,10856.147391190403,0.6744436188329455
2020-02-14,10903.664569172875,0.6870527672236669
2020-02-15,10996.163899963214,0.6994583270516471
2020-02-16,11382.802078482875,0.7116566222817746
2020-02-17,11481.619457601633,0.7236440382959124
2020-02-18,11794.154073366604,0.7354170229639855
2020-02-19,11822.531429498029,0.7469720876965552
2020-02-20,11956.46253285605,0.7583058084785624
2020-02-21,12258.547624869807,0.7694148268839378
2020-02-22,11560.99839849869,0.7802958510707755
2020-02-23,11410.68705830257,0.7909456567567772
2020-02-24,11194.644242997247,0.8013610881746766
2020-02-25,10908.91513698956,0.811539059007361
2020-02-26,10786.276884996743,0.8214765533024142
2020-02-27,11447.510923924496,0.8311706263658079
2020-02-28,11054.516474541217,0.8406184056344782
2020-02-29,11487.623166024494,0.8498170915275278
2020-03-01,10736.567286691656,0.8587639582758029
2020-03-02,10590.528006100682,0.8674563547295968
2020-03-03,10656.501122006572,0.8758917051442429
2020-03-04,10906.064745385658,0.8840675099433636
2020-03-05,11217.421898267776,0.8919813464595485
2020-03-06,11575.629532631017,0.8996308696522433
2020-03-07,10270.672124411327,0.9070138128026359
2020-03-08,10079.446954442616,0.9141279881853337
2020-03-09,10428.239165652225,0.9209712877166346
2020-03-10,10345.640857062834,0.9275416835791966
2020-03-11,9828.023097497193,0.9338372288229252
2020-03-12,9389.634013558447,0.9398560579418954
2020-03-13,9047.859630551098,0.9455963874271426
2020-03-14,9226.821791391192,0.9510565162951535
2020-03-15,9276.753841433749,0.9562348265919056
2020-03-16,9533.682917911161,0.9611297838723007
2020-03-17,9369.324410743786,0.9657399376548549
2020-03-18,9426.101344036835,0.9700639218515071
2020-03-19,9662.053427262981,0.9741004551724205
2020-03-20,9540.370623755452,0.9778483415056568
2020-03-21,9713.370550616128,0.9813064702716093
2020-03-22,9456.726677566403,0.9844738167520922
2020-03-23,9317.591309912308,0.9873494423939864
2020-03-24,9173.644424650493,0.989932495087353
2020-03-25,8742.542494020914,0.9922222094179323
2020-03-26,8911.83304964432,0.994217906893952
2020-03-27,8743.441322752897,0.995918996147179
2020-03-28,8745.188128584377,0.9973249731081555
2020-03-29,8912.310179653632,0.9984354211555643
2020-03-30,9070.203807114218,0.9992500112396835
2020-03-31,9312.058178848416,0.9997685019798909
2020-04-01,9272.6640221111,0.9999907397361901
2020-04-02,9114.246938009286,0.9999166586547379
2020-04-03,9082.505206876247,0.9995462806873573
2020-04-04,8487.179078046483,0.9988797155850336
2020-04-05,8007.44858915886,0.9979171608653922
2020-04-06,7592.524901258337,0.9966589017541702
2020-04-07,7293.432783429213,0.9951053111006976
2020-04-08,7408.776371457586,0.9932568492674143
2020-04-09,7143.09482558268,0.9911140639934547
2020-04-10,7033.747450082229,0.9886775902323405
2020-04-11,7406.727887517606,0.9859481499638304
2020-04-12,7299.736140091873,0.9829265519799822
2020-04-13,7516.035652197957,0.9796136916454901
2020-04-14,7238.356065556166,0.9760105506323683
2020-04-15,7176.965170705277,0.9721181966290613
2020-04-16,6907.278656300312,0.9679377830240642
2020-04-17,6812.195149557723,0.9634705485641488
2020-04-18,7042.94731879901,0.9587178169872964
2020-04-19,6570.789014847374,0.9536809966304457
2020-04-20,6683.96159303507,0.9483615800121715
2020-04-21,6745.801347159539,0.9427611433904207
2020-04-22,6585.394817367192,0.9368813462954315
2020-04-23,6213.423152141728,0.9307239310379795
2020-04-24,6229.506751868581,0.9242907221930934
2020-04-25,6097.125607553927,0.9175836260593937
2020-04-26,6152.290778066463,0.9106046300942163
2020-04-27,6155.82373498164,0.9033558023246845
2020-04-28,6561.175232300315,0.895839290734909
2020-04-29,6496.707519299053,0.8880573226294932
2020-04-30,6234.233355621764,0.8800122039735357
2020-05-01,6277.216431142679,0.8717063187093219
2020-05-02,6330.799339393428,0.8631421280499114
2020-05-03,6682.5122965305245,0.854322169749827
2020-05-04,6907.435630410634,0.8452490573530633
2020-05-05,7004.64360553933,0.8359254794186372
2020-05-06,7424.6490456304755,0.8263541987239096
2020-05-07,7077.741748973219,0.8165380514459161
2020-05-08,6896.8503302259915,0.8064799463209448
2020-05-09,6643.917642149096,0.7961828637826158
2020-05-10,6539.164491564762,0.7856498550787147
2020-05-11,6186.948284774968,0.7748840413670407
2020-05-12,6344.2443207871565,0.7638886127905428
2020-05-13,6286.214667017229,0.7526668275320084
2020-05-14,5925.273439191453,0.741222010848596
2020-05-15,5687.68705645073,0.7295575540864875
2020-05-16,5757.7353366792795,0.717676913675962
2020-05-17,5952.249940831222,0.705583610107178
2020-05-18,6445.2184161972355,0.6932812268869777
2020-05-19,7239.79596017529,0.6807734094770161
2020-05-20,7358.5978202317665,0.6680638642135335
2020-05-21,7070.900749396501,0.6551563572090853
2020-05-22,6490.931344753912,0.6420547132365637
2020-05-23,6558.844758092302,0.6287628145958344
2020-05-24,6347.092535883812,0.6152845999633276
2020-05-25,6240.638802136535,0.6016240632249226
2020-05-26,6087.872498872706,0.5877852522924732
2020-05-27,6051.868345823215,0.5737722679043246
2020-05-28,6313.601352658833,0.5595892624101765
2020-05-29,6351.482141562257,0.545240438540651
2020-05-30,6309.413978105289,0.5307300481619334
2020-05-31,6051.5633897830185,0.5160623910158528
2020-06-01,5657.7672319923095,0.5012418134457758
2020-06-02,5547.1096928454945,0.48627270710869
2020-06-03,5533.52870393304,0.4711595076738638
2020-06-04,5937.231281915714,0.4559066935084588
2020-06-05,5966.460624722243,0.440518784350495
2020-06-06,6203.809084388788,0.42500033996955416
2020-06-07,6079.312706609108,0.4093559588156213
2020-06-08,5796.149960672127,0.39359027665646673
2020-06-09,5574.982770043638,0.3777079652039649
2020-06-10,5413.956650236218,0.36171373072976765
2020-06-11,5893.316861141175,0.3456123126707335
2020-06-12,5701.124900380269,0.3294084822245304
2020-06-13,5893.812515709691,0.3131070409358269
2020-06-14,5683.038218441401,0.29671281927349075
2020-06-15,5897.030433527543,0.2802306751992159
2020-06-16,5986.739538567994,0.26366549272800704
2020-06-17,5947.562255170393,0.24702218048093552
2020-06-18,5936.09155568023,0.23030567023061221
2020-06-19,5780.900241781122,0.21352091543979612
2020-06-20,5883.208696693562,0.19667288979357647
2020-06-21,5775.373736409224,0.1797665857255624
2020-06-22,5497.419168530259,0.16280701293851715
2020-06-23,5221.899565063728,0.1457991969198751
2020-06-24,5256.496571327302,0.12874817745258132
2020-06-25,5597.546652705057,0.11165900712169512
2020-06-26,5631.794152496036,0.09453674981719912
2020-06-27,5603.45031401723,0.07738647923346301
2020-06-28,5666.182333064797,0.06021327736579302
2020-06-29,5968.261331708646,0.04302223300453059
2020-06-30,6019.059096378109,0.02581844022713308
2020-07-01,5919.155943321193,0.008606996888688698
2020-07-02,6185.113830697173,-0.008606996888688009
2020-07-03,6290.217617747426,-0.02581844022713239
2020-07-04,6686.736297590475,-0.04302223300453034
2020-07-05,6733.905481968829,-0.060213277365792774
2020-07-06,6410.110589461755,-0.07738647923346322
2020-07-07,6066.91449533746,-0.09453674981719933
2020-07-08,6479.136677770437,-0.11165900712169444
2020-07-09,6939.528977794842,-0.12874817745258066
2020-07-10,6887.809659113884,-0.14579919691987442
2020-07-11,6781.0071641452005,-0.16280701293851646
2020-07-12,7187.06880440752,-0.17976658572556214
2020-07-13,6873.693468945014,-0.19667288979357622
2020-07-14,6630.051048914809,-0.2135209154397959
2020-07-15,6800.8362029321725,-0.23030567023061196
2020-07-16,6692.325156133276,-0.24702218048093527
2020-07-17,6688.947223474621,-0.2636654927280072
2020-07-18,6643.36611534395,-0.2802306751992161
2020-07-19,6731.659946593305,-0.2967128192734901
2020-07-20,7119.382801767679,-0.3131070409358267
2020-07-21,7143.082692309277,-0.3294084822245302
2020-07-22,7327.26252635664,-0.3456123126707333
2020-07-23,6748.330226883278,-0.3617137307297674
2020-07-24,6733.172062983874,-0.37770796520396466
2020-07-25,6507.902148020712,-0.39359027665646645
2020-07-26,6196.376162070531,-0.4093559588156211
2020-07-27,5980.70549349258,-0.42500033996955394
2020-07-28,5899.535381286825,-0.4405187843504952
2020-07-29,6117.84371671893,-0.455906693508459
2020-07-30,5799.977231034928,-0.47115950767386394
2020-07-31,5805.346199711777,-0.4862727071086902
2020-08-01,5692.289126812879,-0.5012418134457756
2020-08-02,5616.482343759671,-0.5160623910158526
2020-08-03,5844.586589267103,-0.5307300481619331
2020-08-04,5969.961514786627,-0.5452404385406507
2020-08-05,6296.137846963704,-0.5595892624101763
2020-08-06,6255.469356268014,-0.5737722679043243
2020-08-07,6081.908067342191,-0.5877852522924734
2020-08-08,6025.8835801718305,-0.6016240632249227
2020-08-09,6082.793164771694,-0.6152845999633277
2020-08-10,6124.07011486466,-0.6287628145958345
2020-08-11,5862.355023705131,-0.6420547132365636
2020-08-12,5881.847982662448,-0.655156357209085
2020-08-13,5934.009533789842,-0.6680638642135333
2020-08-14,6560.711713657687,-0.680773409477016
2020-08-15,7070.087630007842,-0.6932812268869771
2020-08-16,6830.80917653468,-0.7055836101071774
2020-08-17,6750.710819776466,-0.7176769136759615
2020-08-18,6364.973864668502,-0.7295575540864876
2020-08-19,6214.478710018225,-0.7412220108485957
2020-08-20,6291.541080076577,-0.7526668275320083
2020-08-21,6600.465588924725,-0.7638886127905429
2020-08-22,6408.830703943761,-0.7748840413670406
2020-08-23,6241.440338406638,-0.7856498550787144
2020-08-24,5726.012662163059,-0.7961828637826154
2020-08-25,5687.170117049084,-0.8064799463209447
2020-08-26,5448.913356802536,-0.8165380514459157
2020-08-27,5333.13170544479,-0.8263541987239094
2020-08-28,5147.77301304265,-0.8359254794186365
2020-08-29,5126.861580710641,-0.8452490573530633
2020-08-30,4777.343116855107,-0.8543221697498269
2020-08-31,4503.715617517679,-0.8631421280499115
2020-09-01,4902.634106064368,-0.8717063187093217
2020-09-02,4655.157431793909,-0.8800122039735356
2020-09-03,4454.007741584445,-0.888057322629493
2020-09-04,4792.1580776190585,-0.8958392907349089
2020-09-05,5381.050066931632,-0.9033558023246842
2020-09-06,5133.157000978059,-0.9106046300942162
2020-09-07,5056.58276077206,-0.9175836260593934
2020-09-08,5124.603383624568,-0.9242907221930934
2020-09-09,5489.850584675548,-0.9307239310379793
2020-09-10,5275.781162668294,-0.9368813462954315
2020-09-11,5222.705915857627,-0.9427611433904206
2020-09-12,5386.033128974431,-0.9483615800121716
2020-09-13,5478.875002068094,-0.9536809966304455
2020-09-14,5395.436725294672,-0.9587178169872964
2020-09-15,5365.02280547673,-0.9634705485641486
2020-09-16,5076.412414720891,-0.9679377830240641
2020-09-17,5026.7710759203665,-0.9721181966290612
2020-09-18,4972.000852791808,-0.9760105506323682
2020-09-19,5016.884586498046,-0.9796136916454901
2020-09-20,4905.20090792255,-0.9829265519799822
2020-09-21,4997.099244100622,-0.9859481499638303
2020-09-22,5202.119952156413,-0.9886775902323404
2020-09-23,5232.99304707908,-0.9911140639934546
2020-09-24,5305.551127892985,-0.9932568492674143
2020-09-25,5315.2490516727885,-0.9951053111006974
2020-09-26,5313.672653579781,-0.99665890175417
2020-09-27,5160.951301938889,-0.9979171608653922
2020-09-28,5225.135308132652,-0.9988797155850335
2020-09-29,5203.280176419852,-0.9995462806873573
2020-09-30,5655.9945342439805,-0.9999166586547379
2020-10-01,6021.582860084412,-0.9999907397361901
2020-10-02,6113.405729509889,-0.9997685019798909
2020-10-03,5927.850877399798,-0.9992500112396835
2020-10-04,5668.164098543874,-0.9984354211555643
2020-10-05,5942.9817841550175,-0.9973249731081555
2020-10-06,6003.970259391467,-0.9959189961471792
2020-10-07,6118.559520967246,-0.994217906893952
2020-10-08,5704.431089460551,-0.9922222094179324
2020-10-09,5918.24999482198,-0.989932495087353
2020-10-10,6025.000785443444,-0.9873494423939864
2020-10-11,5761.514547185097,-0.9844738167520923
2020-10-12,5652.16914000934,-0.9813064702716093
2020-10-13,5710.394315223636,-0.9778483415056568
2020-10-14,5720.67468394567,-0.9741004551724206
2020-10-15,5652.511178240009,-0.970063921851507
2020-10-16,5627.472302757794,-0.965739937654855
2020-10-17,5569.366297896219,-0.9611297838723007
2020-10-18,5601.776487671946,-0.9562348265919058
2020-10-19,5939.609890960994,-0.9510565162951536
2020-10-20,5358.462670071743,-0.9455963874271428
2020-10-21,5306.344117792577,-0.9398560579418953
2020-10-22,5342.339175655631,-0.9338372288229252
2020-10-23,5404.345566706306,-0.9275416835791965
2020-10-24,5322.945317510364,-0.9209712877166346
2020-10-25,4960.258766137408,-0.9141279881853337
2020-10-26,5024.257738569,-0.9070138128026362
2020-10-27,5382.062892151678,-0.8996308696522434
2020-10-28,5060.257046368602,-0.8919813464595487
2020-10-29,5236.589366890248,-0.8840675099433637
2020-10-30,5166.675233278994,-0.8758917051442433
2020-10-31,5152.471072369975,-0.8674563547295971
2020-11-01,4938.494259897663,-0.8587639582758031
2020-11-02,4871.404199342734,-0.8498170915275277
2020-11-03,5129.888971377485,-0.8406184056344783
2020-11-04,5249.276332225342,-0.8311706263658079
2020-11-05,5624.222351089391,-0.8214765533024145
2020-11-06,5893.671601844251,-0.8115390590073611
2020-11-07,5996.300121185395,-0.801361088174677
2020-11-08,6427.592257417808,-0.7909456567567774
2020-11-09,6539.493656710946,-0.780295851070776
2020-11-10,6757.677507354654,-0.7694148268839381
2020-11-11,7343.581076165485,-0.7583058084785625
2020-11-12,7360.945883917013,-0.7469720876965551
2020-11-13,7156.288555354165,-0.7354170229639858
2020-11-14,7443.006344369486,-0.7236440382959123
2020-11-15,7098.210434846811,-0.7116566222817751
2020-11-16,7321.657337287914,-0.6994583270516471
2020-11-17,7263.854946228788,-0.6870527672236675
2020-11-18,7609.9800930920355,-0.6744436188329457
2020-11-19,7839.658819789441,-0.661634618242279
2020-11-20,8429.362630308175,-0.6486295610349818
2020-11-21,8676.794380716507,-0.6354323008901775
2020-11-22,8145.540008616045,-0.622046748440868
2020-11-23,8121.317643213632,-0.6084768701151264
2020-11-24,7747.049991453045,-0.594726686960764
2020-11-25,7585.821637603933,-0.5808002734538013
2020-11-26,8056.10402664852,-0.5667017562911184
2020-11-27,8261.708618730432,-0.5524353131676203
2020-11-28,8031.523239584027,-0.5380051715382992
2020-11-29,7710.056447686189,-0.5234156073655503
2020-11-30,7717.857446060327,-0.5086709438521042
2020-12-01,7349.074497937141,-0.49377555015997737
2020-12-02,7152.26275272268,-0.4787338401157883
2020-12-03,7239.9127441680175,-0.4635502709028512
2020-12-04,7580.06394669979,-0.4482293417404106
2020-12-05,7764.5778916856325,-0.4327755925504317
2020-12-06,7082.454400754543,-0.41719360261231697
2020-12-07,7167.057526538048,-0.4014879892059737
2020-12-08,7185.582058606767,-0.38566340624360745
2020-12-09,7303.342630263356,-0.3697245428906732
2020-12-10,7788.751092753925,-0.35367612217637207
2020-12-11,7169.608094865575,-0.33752289959411347
2020-12-12,6999.976956318972,-0.32126966169236515
2020-12-13,7165.251128530237,-0.3049212246562894
2020-12-14,6723.973900728124,-0.2884824328806098
2020-12-15,7130.756258777339,-0.27195815753410524
2020-12-16,7234.429907180456,-0.2553532951161881
2020-12-17,7481.362440806517,-0.23867276600594997
2020-12-18,7310.247810790826,-0.22192151300416674
2020-12-19,7549.850192648138,-0.20510449986861926
2020-12-20,7877.15330799108,-0.1882267098432439
2020-12-21,7948.487858333557,-0.1712931441814778
2020-12-22,8020.956986692125,-0.154308820664281
2020-12-23,8105.732029382138,-0.13727877211326517
2020-12-24,7828.239612731957,-0.12020804489935275
2020-12-25,7779.845750312673,-0.10310169744743544
2020-12-26,7730.206762164383,-0.0859647987374467
2020-12-27,7847.314448824197,-0.06880242680232064
2020-12-28,8165.062121890064,-0.05161966722325418
2020-12-29,7824.210927685343,-0.034421611622745804
2020-12-30,7782.849495661977,-0.01721335615583528
2020-12-31,8255.509140766602,6.432490598706546e-16
2021-01-01,8011.173245654051,0.017213356155833904
2021-01-02,7749.646444643078,0.03442161162274621
2021-01-03,7810.269497292408,0.0516196672232528
2021-01-04,8076.146799760522,0.06880242680232015
2021-01-05,8077.415195395826,0.08596479873744621
2021-01-06,8515.860307917035,0.10310169744743496
2021-01-07,8810.129179913014,0.12020804489935226
2021-01-08,9109.109031982442,0.1372787721132647
2021-01-09,9310.469926227557,0.15430882066428142
2021-01-10,10215.903670990712,0.1712931441814773
2021-01-11,10129.370983413139,0.1882267098432443
2021-01-12,9346.46624563101,0.20510449986861878
2021-01-13,9962.903096516204,0.2219215130041654
2021-01-14,9779.227834883326,0.2386727660059495
2021-01-15,9818.572500139382,0.25535329511618676
2021-01-16,10343.49451286261,0.27195815753410474
2021-01-17,9698.462724768466,0.28848243288060854
2021-01-18,9222.08824222059,0.30492122465628807
2021-01-19,8647.328116119717,0.3212696616923639
2021-01-20,8374.446059020174,0.33752289959411386
2021-01-21,8520.460575673473,0.3536761221763716
2021-01-22,8698.389653858494,0.3697245428906735
2021-01-23,8792.410256091256,0.38566340624360695
2021-01-24,8306.831454597095,0.4014879892059733
2021-01-25,7571.370583030293,0.4171936026123165
2021-01-26,7585.573722558603,0.43277559255043124
2021-01-27,7441.53546824872,0.4482293417404102
2021-01-28,7577.267439571317,0.4635502709028508
2021-01-29,7790.7005373331585,0.47873384011578785
2021-01-30,7831.549952252664,0.493775550159977
2021-01-31,8070.906166818319,0.5086709438521045
2021-02-01,8142.800961349213,0.5234156073655498
2021-02-02,8314.797905143485,0.5380051715382995
2021-02-03,8081.276776807527,0.5524353131676191
2021-02-04,8021.01859304624,0.5667017562911173
2021-02-05,8081.97654314441,0.5808002734538001
2021-02-06,8349.132183241934,0.5947266869607636
2021-02-07,8216.20116132843,0.6084768701151253
2021-02-08,8386.763143133861,0.6220467484408676
2021-02-09,8295.565500476372,0.6354323008901764
2021-02-10,8254.177272658479,0.6486295610349815
2021-02-11,8530.092196652855,0.6616346182422786
2021-02-12,7874.091044429286,0.6744436188329453
2021-02-13,7473.91428069273,0.6870527672236671
2021-02-14,7041.572038037606,0.6994583270516468
2021-02-15,6412.099813549344,0.7116566222817746
2021-02-16,6238.602654305037,0.723644038295912
2021-02-17,6426.522577108944,0.7354170229639855
2021-02-18,6351.799871250715,0.7469720876965548
2021-02-19,6400.331720246721,0.7583058084785622
2021-02-20,6683.344394893699,0.7694148268839378
2021-02-21,7045.75963369288,0.7802958510707751
2021-02-22,7024.193807113503,0.7909456567567776
2021-02-23,7412.767739443061,0.8013610881746761
2021-02-24,7437.902968191548,0.8115390590073613
2021-02-25,7190.732333869231,0.8214765533024138
2021-02-26,7019.675605730946,0.8311706263658081
2021-02-27,6614.045847732052,0.8406184056344775
2021-02-28,6381.289496086648,0.8498170915275279
2021-03-01,6288.669516852614,0.8587639582758028
2021-03-02,6492.1446168057455,0.8674563547295968
2021-03-03,6952.655818958537,0.8758917051442431
2021-03-04,6576.7220873227525,0.8840675099433635
2021-03-05,6678.874978163629,0.8919813464595485
2021-03-06,6404.672482341075,0.8996308696522431
2021-03-07,6525.487629419892,0.9070138128026359
2021-03-08,6489.413889587729,0.9141279881853336
2021-03-09,6029.3305449216605,0.9209712877166345
2021-03-10,6255.542454474655,0.9275416835791963
2021-03-11,6104.1436959638695,0.933837228822925
2021-03-12,5973.373394045395,0.9398560579418951
2021-03-13,5721.446905993014,0.9455963874271424
2021-03-14,5571.979617727907,0.9510565162951538
2021-03-15,5666.468111104204,0.9562348265919054
2021-03-16,5622.049301982653,0.9611297838723009
2021-03-17,5694.7387485053905,0.9657399376548549
2021-03-18,5776.047332075221,0.9700639218515071
2021-03-19,6087.552194331442,0.9741004551724205
2021-03-20,6002.851560162501,0.9778483415056568
2021-03-21,5656.810987627041,0.9813064702716092
2021-03-22,5901.751671628706,0.9844738167520922
2021-03-23,5822.2668175250565,0.9873494423939863
2021-03-24,6085.892399061309,0.989932495087353
2021-03-25,6178.0856355444375,0.9922222094179323
2021-03-26,6143.919874879168,0.9942179068939518
2021-03-27,6228.365820746017,0.995918996147179
2021-03-28,6731.880281873527,0.9973249731081555
2021-03-29,7312.854674601226,0.9984354211555643
2021-03-30,7330.978205374049,0.9992500112396835
2021-03-31,7375.890074631798,0.9997685019798909
2021-04-01,7698.04337424478,0.9999907397361901
2021-04-02,7439.76861344002,0.9999166586547379
2021-04-03,7537.288959502449,0.9995462806873574
2021-04-04,7527.237051178436,0.9988797155850336
2021-04-05,7620.061019403058,0.9979171608653922
2021-04-06,7368.02450800687,0.9966589017541702
2021-04-07,6912.054563474794,0.9951053111006976
2021-04-08,6360.122181226558,0.9932568492674143
2021-04-09,6080.288974398568,0.9911140639934547
2021-04-10,5967.9603083579095,0.9886775902323405
2021-04-11,5896.609641254919,0.9859481499638303
2021-04-12,6369.791867358834,0.9829265519799825
2021-04-13,6655.9189733020585,0.9796136916454901
2021-04-14,6402.71990543295,0.9760105506323685
2021-04-15,6490.445830876569,0.9721181966290613
2021-04-16,6383.701451594713,0.9679377830240643
2021-04-17,6309.607933252208,0.963470548564149
2021-04-18,6354.648335256461,0.9587178169872963
2021-04-19,6512.04416705194,0.9536809966304456
2021-04-20,6422.343432467252,0.9483615800121717
2021-04-21,6699.5283811146,0.942761143390421
2021-04-22,6398.474509064954,0.9368813462954314
2021-04-23,6398.177386768552,0.9307239310379796
2021-04-24,7096.630653419372,0.9242907221930936
2021-04-25,7158.090856460419,0.9175836260593944
2021-04-26,7578.1710595671,0.9106046300942163
2021-04-27,7603.682676672612,0.903355802324684
2021-04-28,7780.057869976476,0.8958392907349094
2021-04-29,7760.078488855784,0.8880573226294932
2021-04-30,7705.051443903296,0.8800122039735359
2021-05-01,7466.279749386771,0.8717063187093216
2021-05-02,7593.623666787179,0.8631421280499113
2021-05-03,7337.12749344697,0.8543221697498272
2021-05-04,7532.830185280481,0.8452490573530637
2021-05-05,7864.683593345809,0.8359254794186367
2021-05-06,7978.445255024324,0.8263541987239097
2021-05-07,7885.247533946275,0.8165380514459165
2021-05-08,8027.332139754033,0.8064799463209444
2021-05-09,7926.450361158713,0.7961828637826157
2021-05-10,8226.224812257045,0.7856498550787148
2021-05-11,7642.85294459111,0.7748840413670414
2021-05-12,7538.676686260425,0.7638886127905427
2021-05-13,6959.545573221482,0.7526668275320086
2021-05-14,6553.581851920031,0.7412220108485964
2021-05-15,6918.965311526501,0.7295575540864886
2021-05-16,7169.053490994478,0.7176769136759622
2021-05-17,6963.584993036684,0.7055836101071772
2021-05-18,6555.433768432944,0.6932812268869772
2021-05-19,5820.656960515718,0.6807734094770164
2021-05-20,5693.77410080175,0.6680638642135339
2021-05-21,6270.7120661096305,0.6551563572090847
2021-05-22,6378.833771536428,0.6420547132365636
2021-05-23,6235.7720383330325,0.6287628145958349
2021-05-24,6350.957590290729,0.6152845999633285
2021-05-25,5964.750748652349,0.6016240632249223
2021-05-26,5892.464519596179,0.5877852522924734
2021-05-27,5914.183407920888,0.5737722679043255
2021-05-28,5892.081951075086,0.5595892624101764
2021-05-29,6079.616706175886,0.5452404385406512
2021-05-30,6162.160590704404,0.5307300481619339
2021-05-31,6327.217094815136,0.5160623910158538
2021-06-01,6153.528214463696,0.5012418134457756
2021-06-02,6376.620323009602,0.4862727071086906
2021-06-03,6803.898147847335,0.4711595076738632
2021-06-04,6542.960403818766,0.45590669350846025
2021-06-05,6312.816285340929,0.44051878435049524
2021-06-06,6657.295169862001,0.4250003399695548
2021-06-07,6604.554666055626,0.40935595881562115
2021-06-08,6983.933995122357,0.39359027665646695
2021-06-09,6859.3380241670075,0.37770796520396555
2021-06-10,7268.229757202774,0.36171373072976704
2021-06-11,7304.365585868204,0.34561231267073333
2021-06-12,7377.99076738464,0.3294084822245307
2021-06-13,7852.171114652828,0.3131070409358276
2021-06-14,7737.040495597991,0.29671281927349014
2021-06-15,7448.959556066548,0.2802306751992165
2021-06-16,7314.3033740898545,0.26366549272800816
2021-06-17,7445.614158193718,0.24702218048093705
2021-06-18,6991.497672203662,0.23030567023061246
2021-06-19,7169.913774432611,0.21352091543979507
2021-06-20,7014.944317949957,0.19667288979357758
2021-06-21,6608.090731808267,0.1797665857255622
2021-06-22,6002.789960260694,0.16280701293851738
2021-06-23,5815.121753151835,0.14579919691987403
2021-06-24,5434.149363537404,0.1287481774525807
2021-06-25,5255.913474540273,0.11165900712169492
2021-06-26,5306.648428305874,0.09453674981720026
2021-06-27,5267.160379146801,0.07738647923346281
2021-06-28,5212.482798592594,0.060213277365793266
2021-06-29,5177.844718793068,0.04302223300453128
2021-06-30,5218.57523868832,0.02581844022713244
2021-07-01,5010.736850253861,0.0086069968886885
2021-07-02,5152.886101773961,-0.008606996888687764
2021-07-03,5289.71095574962,-0.025818440227131704
2021-07-04,5370.199840847038,-0.04302223300453054
2021-07-05,5489.441170201052,-0.06021327736579253
2021-07-06,5553.249099960274,-0.07738647923346208
2021-07-07,6022.401571976354,-0.09453674981719774
2021-07-08,5999.6572653108415,-0.11165900712169419
2021-07-09,5924.634612924814,-0.1287481774525817
2021-07-10,5746.999618830409,-0.14579919691987506
2021-07-11,5512.881288580993,-0.16280701293851665
2021-07-12,5243.601308445952,-0.17976658572556148
2021-07-13,5058.938316163299,-0.19667288979357686
2021-07-14,5043.142638146322,-0.2135209154397961
2021-07-15,5109.498365716161,-0.23030567023061174
2021-07-16,5118.425716682478,-0.2470221804809346
2021-07-17,4962.5786932178535,-0.26366549272800743
2021-07-18,5142.981069839791,-0.28023067519921585
2021-07-19,5295.775318158853,-0.2967128192734894
2021-07-20,5260.4862246239945,-0.31310704093582686
2021-07-21,5123.341253756301,-0.32940848222452995
2021-07-22,5235.403567795515,-0.3456123126707326
2021-07-23,5273.3343958762,-0.36171373072976637
2021-07-24,4975.061760917961,-0.3777079652039649
2021-07-25,4960.0636561167585,-0.39359027665646623
2021-07-26,5010.822168049041,-0.4093559588156221
2021-07-27,4832.2500863413425,-0.4250003399695525
2021-07-28,4867.62408886499,-0.4405187843504946
2021-07-29,4591.069722249303,-0.45590669350845797
2021-07-30,4841.673841083972,-0.47115950767386416
2021-07-31,5087.967789198563,-0.48627270710868997
2021-08-01,5035.323638731008,-0.5012418134457749
2021-08-02,5107.530275870141,-0.5160623910158532
2021-08-03,4636.775070978255,-0.5307300481619333
2021-08-04,4425.862569294498,-0.5452404385406505
2021-08-05,4372.845903182403,-0.5595892624101757
2021-08-06,4188.022697789782,-0.5737722679043249
2021-08-07,4308.132743265528,-0.5877852522924728
2021-08-08,4665.040114274318,-0.6016240632249218
2021-08-09,4449.233545921739,-0.6152845999633265
2021-08-10,4301.368845950124,-0.6287628145958343
2021-08-11,4340.767791898375,-0.6420547132365644
2021-08-12,4628.328968310151,-0.6551563572090842
2021-08-13,4406.1483441431,-0.6680638642135335
2021-08-14,4448.924410120794,-0.6807734094770158
2021-08-15,4783.700046652554,-0.6932812268869779
2021-08-16,4476.511004974393,-0.7055836101071778
2021-08-17,4251.6246530848,-0.7176769136759616
2021-08-18,4178.937037483558,-0.7295575540864868
2021-08-19,4091.5889069917307,-0.7412220108485958
2021-08-20,4225.4993025323865,-0.7526668275320082
2021-08-21,4265.262901806955,-0.7638886127905421
2021-08-22,3971.7441803180645,-0.7748840413670409
2021-08-23,4053.2610492392805,-0.7856498550787143
2021-08-24,3959.50967822343,-0.7961828637826153
2021-08-25,4165.340761038215,-0.806479946320944
2021-08-26,4060.85923796941,-0.8165380514459161
2021-08-27,3957.569106835772,-0.8263541987239093
2021-08-28,4042.952489528306,-0.8359254794186364
2021-08-29,4166.983107646326,-0.8452490573530623
2021-08-30,4241.072872272367,-0.8543221697498268
2021-08-31,3963.3609119632542,-0.863142128049911
2021-09-01,4048.3676806105705,-0.871706318709322
2021-09-02,3883.1296370283853,-0.8800122039735355
2021-09-03,3918.6706658980816,-0.8880573226294929
2021-09-04,3700.6301021565996,-0.8958392907349091
2021-09-05,3766.1602794675296,-0.9033558023246845
2021-09-06,3645.4945408546496,-0.9106046300942161
2021-09-07,3462.139140563174,-0.9175836260593934
2021-09-08,3561.3491657388354,-0.9242907221930933
2021-09-09,3235.3746006094475,-0.9307239310379792
2021-09-10,3155.9376455657098,-0.9368813462954312
2021-09-11,3343.5489385393403,-0.9427611433904208
2021-09-12,3284.1461769535867,-0.9483615800121715
2021-09-13,3287.380376350764,-0.9536809966304454
2021-09-14,3321.9353416732597,-0.9587178169872961
2021-09-15,3239.635780184375,-0.9634705485641488
2021-09-16,3300.27685925758,-0.9679377830240641
2021-09-17,3229.6322227029705,-0.9721181966290611
2021-09-18,3175.937088947439,-0.976010550632368
2021-09-19,3352.8423222799393,-0.97961369164549
2021-09-20,3215.1853202712964,-0.982926551979982
2021-09-21,2918.51167260942,-0.9859481499638304
2021-09-22,3111.830894349563,-0.9886775902323404
2021-09-23,3444.8638515238144,-0.9911140639934546
2021-09-24,3388.4534656085,-0.9932568492674143
2021-09-25,3134.908825350662,-0.9951053111006976
2021-09-26,3095.2873087362664,-0.99665890175417
2021-09-27,3059.1338299834806,-0.9979171608653921
2021-09-28,3035.0711280172472,-0.9988797155850336
2021-09-29,2901.997632021174,-0.9995462806873573
2021-09-30,2969.1680157057735,-0.9999166586547379
2021-10-01,3031.2106045754635,-0.9999907397361901
2021-10-02,2854.469051608951,-0.9997685019798909
2021-10-03,2934.5488382606513,-0.9992500112396835
2021-10-04,3184.7096492679893,-0.9984354211555644
2021-10-05,3205.7290469137824,-0.9973249731081555
2021-10-06,3161.815948406484,-0.9959189961471792
2021-10-07,3142.964306303145,-0.9942179068939518
2021-10-08,3220.3069202459765,-0.9922222094179325
2021-10-09,3004.0152415486823,-0.9899324950873531
2021-10-10,3022.9266023362215,-0.9873494423939866
2021-10-11,2975.1869512539406,-0.9844738167520922
2021-10-12,3202.4619657676317,-0.9813064702716094
2021-10-13,3179.2743182657414,-0.977848341505657
2021-10-14,3397.5971914591178,-0.9741004551724208
2021-10-15,3249.882511824504,-0.9700639218515071
2021-10-16,3326.1291556833066,-0.9657399376548551
2021-10-17,3367.8859153916346,-0.9611297838723011
2021-10-18,3251.847618440361,-0.9562348265919062
2021-10-19,3274.0219307204065,-0.9510565162951538
2021-10-20,3435.697393557426,-0.9455963874271429
2021-10-21,3390.4690093952354,-0.939856057941896
2021-10-22,3167.6492671932924,-0.933837228822926
2021-10-23,3164.475248699617,-0.9275416835791963
2021-10-24,3051.3689312984898,-0.9209712877166351
2021-10-25,3008.966554142149,-0.9141279881853346
2021-10-26,2998.263151539367,-0.9070138128026355
2021-10-27,2799.6854816356913,-0.8996308696522431
2021-10-28,2623.687443091989,-0.8919813464595485
2021-10-29,2673.9677625922805,-0.8840675099433647
2021-10-30,2617.8534154727236,-0.8758917051442426
2021-10-31,2361.8965075480505,-0.8674563547295968
2021-11-01,2436.4904474186665,-0.8587639582758032
2021-11-02,2216.197605863945,-0.8498170915275283
2021-11-03,2153.163044007984,-0.840618405634478
2021-11-04,2042.0715040963037,-0.8311706263658081
2021-11-05,2110.863386439542,-0.8214765533024146
2021-11-06,2139.925631045276,-0.8115390590073607
2021-11-07,2353.1977971260303,-0.8013610881746766
2021-11-08,2392.365706746832,-0.7909456567567775
2021-11-09,2429.027174513489,-0.7802958510707761
2021-11-10,2412.138552683026,-0.7694148268839377
2021-11-11,2491.4995421448266,-0.7583058084785628
2021-11-12,2553.8146001518608,-0.7469720876965559
2021-11-13,2684.1313695967024,-0.7354170229639865
2021-11-14,2627.9504521474864,-0.7236440382959125
2021-11-15,2581.8028854503136,-0.7116566222817752
2021-11-16,2532.0362498484114,-0.699458327051648
2021-11-17,2612.626114744982,-0.687052767223667
2021-11-18,2773.169437391412,-0.6744436188329459
2021-11-19,2721.9192758474715,-0.6616346182422791
2021-11-20,2675.259268584458,-0.6486295610349827
2021-11-21,2708.2681929953997,-0.6354323008901778
2021-11-22,2680.970691969597,-0.6220467484408682
2021-11-23,2784.201377049257,-0.6084768701151273
2021-11-24,2543.6243716978934,-0.5947266869607649
2021-11-25,2460.1486625887974,-0.5808002734538015
2021-11-26,2383.631408465206,-0.5667017562911186
2021-11-27,2171.7013360867777,-0.5524353131676212
2021-11-28,2088.957940208963,-0.5380051715382986
2021-11-29,2013.2676605258857,-0.5234156073655497
2021-11-30,1996.5384731265688,-0.5086709438521059
2021-12-01,2086.8036751127606,-0.49377555015997915
2021-12-02,2065.828026175972,-0.47873384011578773
2021-12-03,1981.7862380065171,-0.4635502709028506
2021-12-04,1976.6834139266048,-0.44822934174041085
2021-12-05,2060.7857490215106,-0.4327755925504335
2021-12-06,1981.291666820563,-0.4171936026123164
2021-12-07,1909.8524612141716,-0.4014879892059731
2021-12-08,1952.4167262384453,-0.3856634062436077
2021-12-09,1934.6114540513852,-0.3697245428906726
2021-12-10,1984.7756697006448,-0.3536761221763715
2021-12-11,1983.0975140389712,-0.3375228995941137
2021-12-12,2038.9328724678496,-0.32126966169236537
2021-12-13,1955.651614783544,-0.3049212246562888
2021-12-14,1954.1201845548253,-0.2884824328806092
2021-12-15,1743.425650551142,-0.2719581575341063
2021-12-16,1660.1638552342197,-0.2553532951161866
2021-12-17,1559.0508202983358,-0.23867276600595022
2021-12-18,1601.9267907848848,-0.22192151300416613
2021-12-19,1579.1220904791076,-0.20510449986862037
2021-12-20,1515.3975933891893,-0.18822670984324416
2021-12-21,1509.1260145305098,-0.17129314418147804
2021-12-22,1578.3049255749954,-0.15430882066428214
2021-12-23,1440.2575120510492,-0.1372787721132663
2021-12-24,1356.1589166448662,-0.120208044899353
2021-12-25,1306.6164328416287,-0.10310169744743568
2021-12-26,1384.8447989081756,-0.08596479873744783
2021-12-27,1400.167054474154,-0.06880242680232
2021-12-28,1443.3751767493018,-0.05161966722325442
2021-12-29,1378.61284242325,-0.03442161162274694
2021-12-30,1317.8430828438245,-0.017213356155836416
2021-12-31,1341.259262269524,1.2864981197413093e-15
2022-01-01,1343.9860920574795,0.01721335615583366
2022-01-02,1373.4000404137005,0.03442161162274419
2022-01-03,1362.7198699729297,0.05161966722325167
2022-01-04,1377.5524754935536,0.06880242680232079
2022-01-05,1385.876954552632,0.08596479873744685
2022-01-06,1286.317261298058,0.10310169744743294
2022-01-07,1328.118967006446,0.12020804489935379
2022-01-08,1244.4189956795833,0.13727877211326533
2022-01-09,1137.09641472164,0.15430882066428117
2022-01-10,1183.2298077076557,0.1712931441814771
2022-01-11,1240.4284303361567,0.18822670984324494
2022-01-12,1190.4506197424644,0.2051044998686194
2022-01-13,1104.771461310887,0.22192151300416516
2022-01-14,1108.823877846775,0.23867276600594928
2022-01-15,1150.5423192021265,0.2553532951161874
2022-01-16,1235.946649201712,0.27195815753410535
2022-01-17,1261.3582252230608,0.28848243288060826
2022-01-18,1242.3694823046137,0.30492122465628957
2022-01-19,1198.409431929314,0.3212696616923645
2022-01-20,1198.5988575066901,0.33752289959411275
2022-01-21,1183.981211530672,0.35367612217637057
2022-01-22,1136.530216705227,0.3697245428906733
2022-01-23,1233.221902408311,0.38566340624360673
2022-01-24,1324.1052040158004,0.40148798920597223
2022-01-25,1385.2475511037853,0.41719360261231553
2022-01-26,1334.7511166739775,0.432775592550431
2022-01-27,1380.7759420330642,0.44822934174040996
2022-01-28,1416.134071944852,0.4635502709028498
2022-01-29,1440.9930577354778,0.47873384011578846
2022-01-30,1514.3996806178147,0.49377555015997676
2022-01-31,1552.9152264727527,0.5086709438521035
2022-02-01,1599.089692553596,0.5234156073655488
2022-02-02,1639.8598428670534,0.5380051715382993
2022-02-03,1661.8682691249926,0.5524353131676188
2022-02-04,1546.9697039387063,0.5667017562911164
2022-02-05,1551.68716227769,0.5808002734537993
2022-02-06,1517.0917084941814,0.5947266869607641
2022-02-07,1440.9484088994259,0.6084768701151251
2022-02-08,1540.7575003858826,0.622046748440866
2022-02-09,1650.5919687231913,0.6354323008901783
2022-02-10,1742.2943149863977,0.6486295610349819
2022-02-11,1759.643713735178,0.6616346182422784
2022-02-12,1856.766173199128,0.6744436188329439
2022-02-13,1857.1043716646445,0.6870527672236676
2022-02-14,1871.6686820696355,0.6994583270516472
2022-02-15,1791.0311608422792,0.7116566222817745
2022-02-16,2001.068631238442,0.7236440382959118
2022-02-17,2005.306246758922,0.7354170229639858
2022-02-18,1902.9222024458636,0.7469720876965552
2022-02-19,1898.459601839419,0.7583058084785621
2022-02-20,1891.8470725861719,0.7694148268839383
2022-02-21,2032.2754681973029,0.7802958510707756
2022-02-22,2105.650864703996,0.790945656756777
2022-02-23,2105.983199616833,0.801361088174676
2022-02-24,2126.4074843144053,0.8115390590073611
2022-02-25,2129.532397235242,0.8214765533024141
2022-02-26,2111.6842765818665,0.8311706263658075
2022-02-27,2021.5989880419909,0.8406184056344774
2022-02-28,2008.8184259097536,0.8498170915275278
2022-03-01,1949.168304630927,0.8587639582758027
2022-03-02,1853.5267016817304,0.8674563547295963
2022-03-03,1891.2519594363898,0.875891705144243
2022-03-04,1920.507758388211,0.8840675099433634
2022-03-05,1787.505921157329,0.8919813464595481
2022-03-06,1778.2218825062957,0.8996308696522427
2022-03-07,1849.9192288431116,0.9070138128026358
2022-03-08,1929.4035768289073,0.9141279881853335
2022-03-09,2009.6174916984685,0.9209712877166341
2022-03-10,2012.1442200211945,0.927541683579196
2022-03-11,1944.6832619460881,0.933837228822925
2022-03-12,1861.6276084412225,0.9398560579418951
2022-03-13,1886.9001674907147,0.945596387427142
2022-03-14,1915.1703244540843,0.951056516295154
2022-03-15,2015.7670751526532,0.9562348265919058
2022-03-16,2105.807473473281,0.9611297838723003
2022-03-17,2094.0706375059126,0.9657399376548543
2022-03-18,1991.8056915725588,0.9700639218515072
2022-03-19,1965.9534543370223,0.9741004551724206
2022-03-20,1982.5157002696483,0.9778483415056568
2022-03-21,1965.9650888384701,0.9813064702716089
2022-03-22,1920.465298766048,0.9844738167520923
2022-03-23,1939.4082337346454,0.9873494423939864
2022-03-24,1900.1343282058249,0.9899324950873529
2022-03-25,1852.4367589375092,0.9922222094179324
2022-03-26,1875.0963649695748,0.994217906893952
2022-03-27,1844.6330144435956,0.995918996147179
2022-03-28,1862.1738188323598,0.9973249731081555
2022-03-29,1882.0708489544465,0.9984354211555643
2022-03-30,1797.6774496242076,0.9992500112396835
2022-03-31,1762.8747919660566,0.9997685019798909
2022-04-01,1866.6716124916534,0.9999907397361901
2022-04-02,1781.3540513277044,0.9999166586547379
2022-04-03,1636.2509194229083,0.9995462806873573
2022-04-04,1518.3645384055555,0.9988797155850336
2022-04-05,1519.6775768799787,0.9979171608653922
2022-04-06,1521.1017122568476,0.9966589017541702
2022-04-07,1513.508474577026,0.9951053111006977
2022-04-08,1588.3536538171666,0.9932568492674144
2022-04-09,1426.8720411197194,0.9911140639934547
2022-04-10,1449.214984167137,0.9886775902323405
2022-04-11,1542.1530858386966,0.9859481499638306
2022-04-12,1473.6883163135485,0.9829265519799822
2022-04-13,1451.0334933859167,0.9796136916454902
2022-04-14,1407.5637596210042,0.9760105506323685
2022-04-15,1357.6924599618249,0.9721181966290617
2022-04-16,1339.687071380272,0.9679377830240639
2022-04-17,1417.983042391791,0.963470548564149
2022-04-18,1525.6658477401481,0.9587178169872969
2022-04-19,1504.8502133511943,0.9536809966304463
2022-04-20,1623.5186106721278,0.9483615800121713
2022-04-21,1625.3429422126974,0.9427611433904206
2022-04-22,1742.9280319829525,0.9368813462954321
2022-04-23,1735.9147883110531,0.930723931037979
2022-04-24,1744.5154587045977,0.924290722193093
2022-04-25,1769.6748371892834,0.9175836260593937
2022-04-26,2009.0258826132274,0.9106046300942172
2022-04-27,2077.9906477704744,0.9033558023246842
2022-04-28,2019.4209479286158,0.8958392907349088
2022-04-29,2098.6005665098505,0.8880573226294933
2022-04-30,2067.8251942997485,0.880012203973536
2022-05-01,2027.1024662619175,0.8717063187093217
2022-05-02,2101.500201368734,0.8631421280499114
2022-05-03,2103.4837415788666,0.8543221697498273
2022-05-04,2126.4159956892545,0.8452490573530628
2022-05-05,2126.967678422258,0.8359254794186369
2022-05-06,2155.1507297615103,0.8263541987239098
2022-05-07,2191.4409625200947,0.8165380514459166
2022-05-08,2027.4536050382928,0.8064799463209446
2022-05-09,2081.6139506637387,0.7961828637826158
2022-05-10,2000.8313193152094,0.7856498550787149
2022-05-11,1888.099539323064,0.7748840413670416
2022-05-12,1883.1282159581485,0.7638886127905428
2022-05-13,1888.8979784157218,0.7526668275320088
2022-05-14,1836.668499167319,0.7412220108485965
2022-05-15,1898.178242615438,0.7295575540864875
2022-05-16,1798.4183782359537,0.7176769136759623
2022-05-17,1768.8504104001802,0.7055836101071786
2022-05-18,1727.430224007988,0.6932812268869787
2022-05-19,1551.327286012354,0.6807734094770165
2022-05-20,1568.2580003715696,0.6680638642135341
2022-05-21,1505.8382674227394,0.6551563572090863
2022-05-22,1549.6375092173867,0.6420547132365652
2022-05-23,1553.0816730606266,0.6287628145958337
2022-05-24,1439.453148046377,0.6152845999633287
2022-05-25,1330.5862379665123,0.601624063224924
2022-05-26,1329.531804847396,0.5877852522924721
2022-05-27,1317.4369718892813,0.5737722679043242
2022-05-28,1311.604709419069,0.559589262410178
2022-05-29,1309.744471564047,0.5452404385406528
2022-05-30,1321.2185462869588,0.5307300481619326
2022-05-31,1371.850332543676,0.5160623910158525
2022-06-01,1311.8209894556126,0.5012418134457758
2022-06-02,1251.3680295800175,0.48627270710869236
2022-06-03,1197.4621259669323,0.47115950767386344
2022-06-04,1211.0177101974145,0.45590669350845886
2022-06-05,1272.4688427198894,0.44051878435049546
2022-06-06,1250.3273618670355,0.4250003399695534
2022-06-07,1130.9267312400355,0.40935595881562137
2022-06-08,1056.0945299227542,0.3935902766564672
2022-06-09,1021.1773530506622,0.37770796520396577
2022-06-10,998.3484391684018,0.36171373072976726
2022-06-11,981.8777479974211,0.34561231267073356
2022-06-12,983.0992216570597,0.3294084822245309
2022-06-13,970.6250053516923,0.3131070409358278
2022-06-14,1011.9290956828445,0.29671281927349036
2022-06-15,984.6370455698711,0.2802306751992168
2022-06-16,950.9679620027016,0.2636654927280084
2022-06-17,969.0685910402809,0.24702218048093558
2022-06-18,911.0608702396605,0.23030567023061269
2022-06-19,925.0958744437557,0.21352091543979704
2022-06-20,928.6199019237746,0.19667288979357783
2022-06-21,922.8823927766794,0.17976658572556242
2022-06-22,983.121636159405,0.16280701293851763
2022-06-23,958.6677444409094,0.14579919691987603
2022-06-24,1040.707949513364,0.12874817745258268
2022-06-25,1031.0564377114417,0.11165900712169516
2022-06-26,979.4180467865067,0.09453674981720049
2022-06-27,981.8664967028769,0.07738647923346482
2022-06-28,940.2121494417964,0.06021327736579174
2022-06-29,912.0869329810297,0.04302223300453152
2022-06-30,926.4097568633547,0.02581844022713446
2022-07-01,946.9439668564153,0.008606996888690521
2022-07-02,923.3914163408781,-0.008606996888689296
2022-07-03,864.273184388857,-0.025818440227133234
2022-07-04,904.9586162773178,-0.04302223300452852
2022-07-05,958.1853977158072,-0.06021327736579051
2022-07-06,978.3992534405851,-0.0773864792334636
2022-07-07,1032.9302755715066,-0.09453674981719927
2022-07-08,957.7847182194042,-0.11165900712169395
2022-07-09,945.3987259720285,-0.1287481774525815
2022-07-10,912.9001962068098,-0.1457991969198748
2022-07-11,916.9891085682833,-0.1628070129385164
2022-07-12,895.9975030309071,-0.17976658572556123
2022-07-13,889.7951898656529,-0.1966728897935766
2022-07-14,959.0836599251132,-0.21352091543979584
2022-07-15,952.3089560889213,-0.2303056702306115
2022-07-16,967.9120333764764,-0.24702218048093438
2022-07-17,958.6733823096669,-0.2636654927280072
2022-07-18,961.2927247031089,-0.2802306751992156
2022-07-19,961.2356902229246,-0.2967128192734892
2022-07-20,978.3354398044107,-0.3131070409358283
2022-07-21,1024.7099727671205,-0.3294084822245314
2022-07-22,1094.1801693476546,-0.34561231267073406
2022-07-23,1107.4833426573582,-0.3617137307297645
2022-07-24,1133.5701281984757,-0.37770796520396466
2022-07-25,1082.2448810433325,-0.393590276656466
2022-07-26,1078.1239072926878,-0.40935595881562026
2022-07-27,1119.1102906921396,-0.4250003399695523
2022-07-28,1158.206550837022,-0.44051878435049596
2022-07-29,1167.701306722131,-0.45590669350845936
2022-07-30,1209.4828596559853,-0.47115950767386394
2022-07-31,1233.0904114558798,-0.48627270710868975
2022-08-01,1293.350060459131,-0.5012418134457748
2022-08-02,1308.0142722824621,-0.5160623910158515
2022-08-03,1289.1488983165857,-0.5307300481619316
2022-08-04,1306.1918018893202,-0.5452404385406519
2022-08-05,1161.3604354586837,-0.559589262410177
2022-08-06,1178.930340874695,-0.5737722679043247
2022-08-07,1018.5408089438488,-0.5877852522924726
2022-08-08,950.404578706663,-0.6016240632249216
2022-08-09,967.4449366849016,-0.6152845999633263
2022-08-10,985.8061016442921,-0.6287628145958327
2022-08-11,940.7359858538722,-0.6420547132365643
2022-08-12,914.0437628676286,-0.6551563572090854
2022-08-13,965.2625051913625,-0.6680638642135333
2022-08-14,946.4696315986873,-0.6807734094770156
2022-08-15,1034.9989567053892,-0.6932812268869765
2022-08-16,1034.6090486391436,-0.7055836101071765
2022-08-17,1051.3184799677063,-0.7176769136759602
2022-08-18,1121.222993000735,-0.7295575540864855
2022-08-19,1126.7767602358697,-0.7412220108485957
2022-08-20,1082.1690135777608,-0.752666827532008
2022-08-21,1077.1064955450188,-0.763888612790542
2022-08-22,1075.2507019383422,-0.7748840413670419
2022-08-23,1017.821113701295,-0.7856498550787152
2022-08-24,1007.1563819385793,-0.796182863782614
2022-08-25,977.4024502862936,-0.8064799463209428
2022-08-26,1013.913426259242,-0.816538051445916
2022-08-27,1015.0135864293997,-0.8263541987239091
2022-08-28,1003.2955866270075,-0.8359254794186363
2022-08-29,998.7436806887818,-0.8452490573530641
2022-08-30,1007.3949804051863,-0.8543221697498276
2022-08-31,1032.249436182997,-0.8631421280499117
2022-09-01,991.4882819842927,-0.8717063187093219
2022-09-02,950.7428478237435,-0.8800122039735354
2022-09-03,993.3974072843048,-0.8880573226294928
2022-09-04,976.8541113775723,-0.8958392907349082
2022-09-05,922.7548834147997,-0.9033558023246836
2022-09-06,939.0006228422246,-0.9106046300942167
2022-09-07,956.2801697927379,-0.9175836260593939
2022-09-08,899.2151474423911,-0.9242907221930933
2022-09-09,907.235073127841,-0.9307239310379792
2022-09-10,934.0452800629408,-0.9368813462954311
2022-09-11,947.8538984763863,-0.9427611433904202
2022-09-12,971.8287775867439,-0.9483615800121709
2022-09-13,918.4696584216707,-0.9536809966304458
2022-09-14,930.4333789489989,-0.9587178169872965
2022-09-15,918.9628398273946,-0.9634705485641487
2022-09-16,901.1160762221378,-0.967937783024064
2022-09-17,932.7678082527317,-0.9721181966290611
2022-09-18,989.329345269681,-0.9760105506323679
2022-09-19,1062.6298304873317,-0.9796136916454895
2022-09-20,1119.675736730583,-0.9829265519799824
2022-09-21,1114.437457689458,-0.9859481499638304
2022-09-22,1129.9332519031607,-0.9886775902323404
2022-09-23,1164.7791249657844,-0.9911140639934546
2022-09-24,1170.087572981412,-0.9932568492674145
2022-09-25,1175.8710148689981,-0.9951053111006973
2022-09-26,1214.8969853796139,-0.9966589017541699
2022-09-27,1211.655954785588,-0.997917160865392
2022-09-28,1176.4677349545802,-0.9988797155850336
2022-09-29,1156.7768748163635,-0.9995462806873573
2022-09-30,1186.1277344605664,-0.9999166586547379
2022-10-01,1185.9139324400599,-0.9999907397361901
2022-10-02,1201.8020364364231,-0.9997685019798908
2022-10-03,1234.0794371231711,-0.9992500112396835
2022-10-04,1215.3494378082946,-0.9984354211555645
2022-10-05,1252.2996299884835,-0.9973249731081556
2022-10-06,1271.0397537563915,-0.9959189961471792
2022-10-07,1209.422225259912,-0.9942179068939521
2022-10-08,1280.8641117042653,-0.9922222094179325
2022-10-09,1255.0873197850347,-0.9899324950873529
2022-10-10,1174.3341826853743,-0.9873494423939863
2022-10-11,1125.9189938044076,-0.9844738167520922
2022-10-12,1080.5366103140882,-0.9813064702716094
2022-10-13,1082.4691827408672,-0.977848341505657
2022-10-14,1070.355345209235,-0.9741004551724209
2022-10-15,1055.7141031362632,-0.9700639218515076
2022-10-16,1081.885650714859,-0.9657399376548547
2022-10-17,1096.3653768735085,-0.9611297838723006
2022-10-18,1220.9785173419384,-0.9562348265919057
2022-10-19,1240.7868551240076,-0.9510565162951538
2022-10-20,1271.3649990334284,-0.9455963874271429
2022-10-21,1168.2103846167263,-0.9398560579418961
2022-10-22,1150.9589470610229,-0.933837228822926
2022-10-23,1054.5214470551296,-0.9275416835791964
2022-10-24,1055.7268176433379,-0.9209712877166345
2022-10-25,1055.2145777870323,-0.9141279881853339
2022-10-26,1099.9507746730205,-0.9070138128026363
2022-10-27,1153.1194142389404,-0.899630869652244
2022-10-28,1162.1617008946857,-0.8919813464595494
2022-10-29,1138.7912160447784,-0.8840675099433648
2022-10-30,1160.7586588010054,-0.8758917051442444
2022-10-31,1136.163347820829,-0.8674563547295969
2022-11-01,1135.7592795044684,-0.8587639582758033
2022-11-02,1181.1007571357752,-0.8498170915275285
2022-11-03,1154.6947171015233,-0.8406184056344771
2022-11-04,1192.1556517059107,-0.8311706263658072
2022-11-05,1224.5325693732261,-0.8214765533024158
2022-11-06,1178.2938737205495,-0.8115390590073629
2022-11-07,1224.7335224016206,-0.8013610881746767
2022-11-08,1259.0606680792118,-0.7909456567567776
2022-11-09,1263.8251771084424,-0.7802958510707764
2022-11-10,1225.501365945847,-0.769414826883939
2022-11-11,1183.7434092855872,-0.7583058084785618
2022-11-12,1158.209519238136,-0.7469720876965549
2022-11-13,1183.2667827413916,-0.7354170229639855
2022-11-14,1138.5483418309295,-0.7236440382959127
2022-11-15,1158.301324625008,-0.7116566222817754
2022-11-16,1101.843113548063,-0.6994583270516481
2022-11-17,1092.5578428831914,-0.6870527672236685
2022-11-18,1097.031068474651,-0.6744436188329448
2022-11-19,1209.3858974444638,-0.661634618242278
2022-11-20,1144.2164524889586,-0.6486295610349815
2022-11-21,1213.2475190734804,-0.6354323008901779
2022-11-22,1220.1750853137596,-0.6220467484408684
2022-11-23,1240.0370246019215,-0.6084768701151275
2022-11-24,1245.5474526312107,-0.5947266869607651
2022-11-25,1267.5225243104821,-0.5808002734538003
2022-11-26,1259.376582603493,-0.5667017562911174
2022-11-27,1334.3961001495538,-0.55243531316762
2022-11-28,1309.8596372032378,-0.5380051715383003
2022-11-29,1370.135126128061,-0.5234156073655514
2022-11-30,1334.871032581683,-0.5086709438521061
2022-12-01,1331.2583310501923,-0.49377555015997937
2022-12-02,1274.999907970364,-0.47873384011579107
2022-12-03,1298.029123503762,-0.46355027090285084
2022-12-04,1374.8602554054953,-0.44822934174041107
2022-12-05,1370.2015507134183,-0.43277559255043213
2022-12-06,1359.045232636821,-0.41719360261231503
2022-12-07,1299.393659454447,-0.40148798920597495
2022-12-08,1287.1442873530927,-0.3856634062436095
2022-12-09,1328.0669223639736,-0.36972454289067613
2022-12-10,1280.0630360873188,-0.35367612217637173
2022-12-11,1291.3404217265804,-0.3375228995941139
2022-12-12,1360.8932606113096,-0.3212696616923656
2022-12-13,1522.2807868415161,-0.30492122465629073
2022-12-14,1486.532645394628,-0.28848243288060776
2022-12-15,1573.9026994814917,-0.27195815753410485
2022-12-16,1588.8467362492752,-0.2553532951161868
2022-12-17,1578.7896735260765,-0.23867276600595047
2022-12-18,1605.864598418314,-0.22192151300416635
2022-12-19,1609.3638255379387,-0.20510449986862062
2022-12-20,1616.001341953421,-0.18822670984324616
2022-12-21,1589.3441772442875,-0.17129314418147654
2022-12-22,1502.449952833544,-0.15430882066428062
2022-12-23,1412.0634432041704,-0.13727877211326478
2022-12-24,1449.0118840252471,-0.12020804489935323
2022-12-25,1432.6327869146269,-0.10310169744743593
2022-12-26,1398.4581457464337,-0.08596479873744807
2022-12-27,1398.514399953144,-0.06880242680232201
2022-12-28,1443.2648734571785,-0.051619667223252896
2022-12-29,1453.2789934379707,-0.03442161162274541
2022-12-30,1415.213185237087,-0.017213356155834886
2022-12-31,1485.9167159306999,-7.347880794884119e-16
2023-01-01,1582.3313841151762,0.017213356155833415
2023-01-02,1613.4610388666786,0.03442161162274394
2023-01-03,1677.0362954735956,0.051619667223251425
2023-01-04,1761.924232215014,0.06880242680232054
2023-01-05,1842.8448619510766,0.08596479873744661
2023-01-06,1888.1064816596245,0.10310169744743447
2023-01-07,1933.2612567541023,0.12020804489935177
2023-01-08,1973.2753377336403,0.13727877211326334
2023-01-09,1887.968273236006,0.15430882066427917
2023-01-10,1941.0521849514503,0.1712931441814751
2023-01-11,1838.0360373720466,0.18822670984324122
2023-01-12,1780.0005127688685,0.20510449986861917
2023-01-13,1874.7142636485949,0.22192151300416493
2023-01-14,1938.2103776896522,0.23867276600594903
2023-01-15,2056.408455902648,0.25535329511618887
2023-01-16,2033.5723358733107,0.27195815753410685
2023-01-17,1941.3897142751828,0.28848243288060976
2023-01-18,1922.2311646802746,0.3049212246562859
2023-01-19,1929.513364142595,0.3212696616923642
2023-01-20,1935.0387978432525,0.3375228995941125
2023-01-21,2024.200071299061,0.35367612217637034
2023-01-22,1994.5606070593972,0.3697245428906714
2023-01-23,2022.2386854459278,0.3856634062436082
2023-01-24,1943.2465852510234,0.4014879892059736
2023-01-25,1977.9733561472258,0.4171936026123169
2023-01-26,1977.6259398322395,0.4327755925504308
2023-01-27,1918.6169184556863,0.44822934174040974
2023-01-28,1900.0332708663898,0.46355027090284956
2023-01-29,1885.5213617509141,0.4787338401157867
2023-01-30,1864.696232786545,0.4937755501599781
2023-01-31,2001.0095168915034,0.5086709438521049
2023-02-01,1992.547501534,0.5234156073655502
2023-02-02,1972.6111602544383,0.5380051715382991
2023-02-03,1813.3212142405644,0.5524353131676187
2023-02-04,1749.0832521750508,0.5667017562911162
2023-02-05,1730.255106073772,0.580800273453799
2023-02-06,1682.9273557833756,0.5947266869607639
2023-02-07,1778.0247452971091,0.6084768701151263
2023-02-08,1765.8029983020022,0.6220467484408673
2023-02-09,1858.6367956270883,0.6354323008901768
2023-02-10,1862.6710366313916,0.6486295610349804
2023-02-11,1864.8872812487627,0.6616346182422769
2023-02-12,1857.71781716881,0.6744436188329437
2023-02-13,1857.4426167806485,0.6870527672236648
2023-02-14,1989.0405852968845,0.6994583270516471
2023-02-15,1812.2478402886231,0.7116566222817743
2023-02-16,1672.3104038895735,0.7236440382959116
2023-02-17,1635.877426095324,0.7354170229639869
2023-02-18,1636.3373608762392,0.7469720876965562
2023-02-19,1681.6317549222128,0.7583058084785608
2023-02-20,1713.2430461969568,0.7694148268839358
2023-02-21,1686.6060514719659,0.7802958510707754
2023-02-22,1756.2485067539285,0.7909456567567767
2023-02-23,1829.5825388426383,0.8013610881746758
2023-02-24,1842.5493578243443,0.81153905900736
2023-02-25,1914.308452742123,0.821476553302415
2023-02-26,1934.7192909204384,0.8311706263658083
2023-02-27,1891.183692943858,0.8406184056344782
2023-02-28,1944.1319886996723,0.8498170915275277
2023-03-01,1952.1671687611947,0.8587639582758025
2023-03-02,1951.686202063382,0.8674563547295961
2023-03-03,2069.5099928311943,0.875891705144242
2023-03-04,1875.6907201664822,0.8840675099433641
2023-03-05,1771.7532780236486,0.8919813464595487
2023-03-06,1689.0847122090026,0.8996308696522434
2023-03-07,1664.2197016253394,0.9070138128026357
2023-03-08,1646.86262604048,0.9141279881853334
2023-03-09,1550.0373279797143,0.920971287716634
2023-03-10,1489.6969230470288,0.9275416835791959
2023-03-11,1438.8425775075245,0.9338372288229255
2023-03-12,1586.9849980236163,0.9398560579418955
2023-03-13,1705.0691487560964,0.9455963874271425
2023-03-14,1676.7136042947518,0.9510565162951533
2023-03-15,1652.0093882598026,0.9562348265919053
2023-03-16,1577.3152583216267,0.9611297838723002
2023-03-17,1460.9676375480294,0.9657399376548543
2023-03-18,1453.7170719541407,0.9700639218515064
2023-03-19,1396.4170342250711,0.9741004551724206
2023-03-20,1391.2681558918416,0.9778483415056567
2023-03-21,1304.614297500106,0.9813064702716091
2023-03-22,1265.0712709765685,0.9844738167520926
2023-03-23,1272.2328993073331,0.987349442393986
2023-03-24,1290.6189751720701,0.9899324950873527
2023-03-25,1311.9581699564599,0.9922222094179319
2023-03-26,1119.6775390996881,0.994217906893952
2023-03-27,1158.270751653723,0.995918996147179
2023-03-28,1121.446863128229,0.9973249731081555
2023-03-29,1149.8528874780109,0.9984354211555642
2023-03-30,1149.0189176693905,0.9992500112396835
2023-03-31,1087.1427923642595,0.9997685019798909
2023-04-01,1073.1573041020356,0.9999907397361901
2023-04-02,1088.6295425157996,0.9999166586547379
2023-04-03,1115.3164986792226,0.9995462806873574
2023-04-04,1108.7116926962676,0.9988797155850336
2023-04-05,1178.414463193476,0.9979171608653923
2023-04-06,1226.506998183411,0.99665890175417
2023-04-07,1213.615748756402,0.9951053111006974
2023-04-08,1250.2068258982408,0.9932568492674143
2023-04-09,1350.345840449696,0.9911140639934547
2023-04-10,1460.063783047069,0.9886775902323406
2023-04-11,1389.6614086241495,0.9859481499638306
2023-04-12,1338.699743365391,0.9829265519799826
2023-04-13,1420.1969420412177,0.9796136916454898
2023-04-14,1360.9245861830532,0.9760105506323682
2023-04-15,1290.4134439484476,0.9721181966290614
2023-04-16,1265.1806280792616,0.9679377830240644
2023-04-17,1286.2409463681993,0.9634705485641492
2023-04-18,1280.5992098617762,0.9587178169872969
2023-04-19,1247.330361061407,0.9536809966304463
2023-04-20,1213.7770877885978,0.9483615800121724
2023-04-21,1179.3265736085266,0.9427611433904207
2023-04-22,1138.217213016247,0.9368813462954316
2023-04-23,1246.6107953365538,0.9307239310379797
2023-04-24,1261.1562362840707,0.9242907221930938
2023-04-25,1306.3007794594002,0.9175836260593945
2023-04-26,1280.609596052454,0.9106046300942173
2023-04-27,1270.7381402035644,0.9033558023246857
2023-04-28,1234.6108079308003,0.8958392907349089
2023-04-29,1110.0304548380666,0.8880573226294934
2023-04-30,1050.1857787535216,0.8800122039735361
2023-05-01,976.5223251263009,0.8717063187093227
2023-05-02,892.2142205640904,0.8631421280499106
2023-05-03,850.3022736764852,0.8543221697498264
2023-05-04,896.3134008337414,0.8452490573530649
2023-05-05,894.4532903189064,0.835925479418637
2023-05-06,941.5573251803625,0.8263541987239099
2023-05-07,956.8766936529817,0.8165380514459167
2023-05-08,987.0067609623263,0.8064799463209458
2023-05-09,951.7867519150132,0.7961828637826149
2023-05-10,971.6532943531569,0.785649855078714
2023-05-11,1000.092342422169,0.7748840413670406
2023-05-12,976.9951867323288,0.763888612790543
2023-05-13,998.8087713709571,0.752666827532009
2023-05-14,1021.3809371827296,0.7412220108485967
2023-05-15,998.8741010922838,0.7295575540864889
2023-05-16,954.7199090242432,0.7176769136759612
2023-05-17,910.2805741286211,0.7055836101071775
2023-05-18,913.1618128095625,0.6932812268869776
2023-05-19,924.9072772116973,0.6807734094770167
2023-05-20,895.7778602579072,0.6680638642135344
2023-05-21,896.4619704028098,0.6551563572090865
2023-05-22,916.8806888774897,0.6420547132365654
2023-05-23,939.5537064075454,0.6287628145958339
2023-05-24,999.4250732591489,0.6152845999633275
2023-05-25,1051.4857260398003,0.6016240632249228
2023-05-26,1009.9011794151137,0.5877852522924738
2023-05-27,1079.9296847294243,0.5737722679043259
2023-05-28,1056.9177318331658,0.5595892624101783
2023-05-29,1101.6970730476999,0.5452404385406531
2023-05-30,1104.3658177682787,0.5307300481619358
2023-05-31,1085.9826816879956,0.5160623910158527
2023-06-01,1009.9263426387033,0.501241813445776
2023-06-02,1002.7185081647348,0.486272707108691
2023-06-03,941.8017248754102,0.4711595076738621
2023-06-04,978.6623973815845,0.45590669350846064
2023-06-05,1039.5658416198555,0.4405187843504973
2023-06-06,1006.6487317724026,0.42500033996955683
2023-06-07,1018.5759823798978,0.4093559588156216
2023-06-08,989.1491946030593,0.3935902766564674
2023-06-09,964.3032164478868,0.377707965203966
2023-06-10,994.3463366583259,0.36171373072976915
2023-06-11,992.5169025742324,0.3456123126707321
2023-06-12,1063.7226454965526,0.32940848222452945
2023-06-13,1043.0878349850132,0.31310704093582636
2023-06-14,1085.302597227982,0.2967128192734906
2023-06-15,1089.2129553100874,0.280230675199217
2023-06-16,1124.1042502146875,0.2636654927280086
2023-06-17,1103.8457183067192,0.24702218048093752
2023-06-18,1101.3292250218317,0.2303056702306112
2023-06-19,1095.9240421370343,0.21352091543979554
2023-06-20,1059.561980639449,0.19667288979357633
2023-06-21,1087.6711580333974,0.17976658572556267
2023-06-22,1115.9977172891827,0.16280701293851788
2023-06-23,1142.468196130028,0.14579919691987628
2023-06-24,1214.5451353144003,0.12874817745258293
2023-06-25,1286.6519083127657,0.11165900712169365
2023-06-26,1267.1187685546056,0.09453674981719896
2023-06-27,1285.7828178891175,0.0773864792334633
2023-06-28,1253.730744802948,0.06021327736579375
2023-06-29,1254.526128888865,0.043022233004531764
2023-06-30,1224.420825609047,0.025818440227134705
2023-07-01,1306.0022440804544,0.008606996888690766
2023-07-02,1324.7432606971897,-0.008606996888685499
2023-07-03,1312.8462760096559,-0.02581844022713299
2023-07-04,1376.635188988296,-0.04302223300453006
2023-07-05,1261.7726994294953,-0.060213277365792045
2023-07-06,1163.7569628606448,-0.07738647923346159
2023-07-07,1201.0390761630256,-0.09453674981719726
2023-07-08,1203.5864608700817,-0.11165900712169194
2023-07-09,1215.3397518548168,-0.12874817745257772
2023-07-10,1152.1938546543902,-0.14579919691987459
2023-07-11,1150.778277240708,-0.16280701293851618
2023-07-12,1246.4242509099831,-0.17976658572556098
2023-07-13,1287.8148115603053,-0.19667288979357464
2023-07-14,1296.1976568543785,-0.21352091543979734
2023-07-15,1273.250326103946,-0.230305670230613
2023-07-16,1252.9365408072324,-0.2470221804809324
2023-07-17,1150.2992354410244,-0.26366549272800693
2023-07-18,1161.8664609500186,-0.28023067519921535
2023-07-19,1201.47149864442,-0.29671281927348897
2023-07-20,1127.7475009561708,-0.3131070409358247
2023-07-21,1097.9728386364832,-0.3294084822245312
2023-07-22,1047.9826394661961,-0.34561231267073383
2023-07-23,1007.9846814650648,-0.36171373072976754
2023-07-24,1009.8403384831233,-0.3777079652039644
2023-07-25,928.7795666677083,-0.3935902766564658
2023-07-26,951.5975920129281,-0.40935595881562004
2023-07-27,980.4350980733143,-0.42500033996955205
2023-07-28,970.3456490398884,-0.4405187843504925
2023-07-29,878.419268868774,-0.45590669350845914
2023-07-30,843.8436779991382,-0.4711595076738637
2023-07-31,886.236051703162,-0.48627270710868953
2023-08-01,792.7941213461952,-0.5012418134457746
2023-08-02,781.6152653592309,-0.5160623910158513
2023-08-03,745.3564797974747,-0.5307300481619314
2023-08-04,769.503431280163,-0.5452404385406516
2023-08-05,748.7767344890416,-0.5595892624101738
2023-08-06,760.7456077001683,-0.5737722679043245
2023-08-07,777.9151308235312,-0.5877852522924725
2023-08-08,836.9517859892123,-0.6016240632249213
2023-08-09,829.936164610563,-0.6152845999633262
2023-08-10,842.2615222469686,-0.6287628145958353
2023-08-11,793.4482681672262,-0.6420547132365613
2023-08-12,831.8938810543195,-0.6551563572090852
2023-08-13,806.7263633955907,-0.6680638642135304
2023-08-14,788.5961705257599,-0.6807734094770155
2023-08-15,787.6583687031491,-0.6932812268869789
2023-08-16,739.703240772574,-0.7055836101071763
2023-08-17,746.2792656878137,-0.7176769136759601
2023-08-18,775.4926709705222,-0.7295575540864877
2023-08-19,784.3974824523491,-0.7412220108485932
2023-08-20,735.8747901882762,-0.7526668275320079
2023-08-21,732.0198349032032,-0.7638886127905441
2023-08-22,753.8465001469868,-0.7748840413670395
2023-08-23,699.0828180243402,-0.7856498550787151
2023-08-24,669.46479209025,-0.7961828637826139
2023-08-25,693.1457673362611,-0.8064799463209448
2023-08-26,700.4648155661095,-0.8165380514459158
2023-08-27,711.8897117601314,-0.826354198723907
2023-08-28,766.6288550289966,-0.835925479418636
2023-08-29,780.8982843467071,-0.845249057353064
2023-08-30,801.4803250302756,-0.8543221697498256
2023-08-31,893.0032722038353,-0.8631421280499116
2023-09-01,885.1331297832133,-0.8717063187093218
2023-09-02,857.0727055525045,-0.8800122039735353
2023-09-03,871.6034908895049,-0.8880573226294927
2023-09-04,886.777627778521,-0.8958392907349081
2023-09-05,868.0294422353134,-0.9033558023246835
2023-09-06,832.6636281977881,-0.9106046300942165
2023-09-07,912.9887238051855,-0.9175836260593924
2023-09-08,924.7258069287345,-0.9242907221930932
2023-09-09,897.7627663342886,-0.9307239310379791
2023-09-10,930.9849069235034,-0.936881346295431
2023-09-11,926.6512298111172,-0.94276114339042
2023-09-12,917.0500047235894,-0.9483615800121719
2023-09-13,937.6276573592888,-0.9536809966304447
2023-09-14,890.1389958951518,-0.9587178169872964
2023-09-15,902.512656428228,-0.9634705485641477
2023-09-16,973.9898729057923,-0.967937783024064
2023-09-17,992.0247064289296,-0.9721181966290618
2023-09-18,976.9148840043287,-0.9760105506323679
2023-09-19,957.0114130851002,-0.9796136916454895
2023-09-20,941.1492344468751,-0.9829265519799822
2023-09-21,931.3575111313448,-0.9859481499638297
2023-09-22,917.1132360033703,-0.9886775902323403
2023-09-23,951.0659493931431,-0.991114063993455
2023-09-24,887.0976295855842,-0.9932568492674141
2023-09-25,917.9427689135558,-0.9951053111006977
2023-09-26,903.8356894734884,-0.9966589017541699
2023-09-27,917.291674028715,-0.9979171608653922
2023-09-28,876.5957848571354,-0.9988797155850336
2023-09-29,924.1655498833555,-0.9995462806873572
2023-09-30,971.0875417800112,-0.9999166586547379
2023-10-01,1008.7833114788076,-0.9999907397361901
2023-10-02,949.1910073001877,-0.9997685019798909
2023-10-03,980.9042922426098,-0.9992500112396835
2023-10-04,996.6195445537162,-0.9984354211555643
2023-10-05,934.3566774807258,-0.9973249731081556
2023-10-06,933.1690290090104,-0.9959189961471792
2023-10-07,946.5915883036197,-0.9942179068939521
2023-10-08,967.5922238453023,-0.9922222094179326
2023-10-09,974.1849735392929,-0.9899324950873529
2023-10-10,985.30422713175,-0.9873494423939869
2023-10-11,1044.814784740127,-0.9844738167520922
2023-10-12,1097.001980446826,-0.9813064702716094
2023-10-13,977.8478325132588,-0.9778483415056571
2023-10-14,965.2204542599973,-0.9741004551724209
2023-10-15,958.5967383032194,-0.9700639218515068
2023-10-16,893.4465762374617,-0.9657399376548557
2023-10-17,896.5498203660931,-0.9611297838723007
2023-10-18,942.1873823376413,-0.9562348265919068
2023-10-19,901.8439134111342,-0.9510565162951539
2023-10-20,913.7869953554149,-0.945596387427143
2023-10-21,880.6537756781073,-0.9398560579418962
2023-10-22,857.0429873416394,-0.9338372288229261
2023-10-23,908.9443061742882,-0.9275416835791964
2023-10-24,889.163835255921,-0.920971287716636
2023-10-25,905.4843643211162,-0.914127988185334
2023-10-26,839.9322930516088,-0.9070138128026349
2023-10-27,904.619114843916,-0.8996308696522441
2023-10-28,926.4129498359574,-0.891981346459548
2023-10-29,919.3989043596248,-0.8840675099433649
2023-10-30,940.528500722807,-0.8758917051442445
2023-10-31,888.690627977789,-0.867456354729597
2023-11-01,931.4573518308978,-0.8587639582758052
2023-11-02,919.188314320127,-0.8498170915275286
2023-11-03,911.4422481436432,-0.8406184056344773
2023-11-04,893.4246576929484,-0.8311706263658093
2023-11-05,872.6512157697435,-0.8214765533024139
2023-11-06,896.9703229490951,-0.811539059007361
2023-11-07,905.9272916059399,-0.8013610881746769
2023-11-08,929.5763794341544,-0.7909456567567779
2023-11-09,928.9706905076168,-0.7802958510707787
2023-11-10,947.9532448419798,-0.7694148268839391
2023-11-11,931.9239675677262,-0.7583058084785619
2023-11-12,1018.5552749696586,-0.7469720876965573
2023-11-13,956.3493627435025,-0.7354170229639857
2023-11-14,1005.5206855837977,-0.7236440382959128
2023-11-15,1061.7535146870684,-0.7116566222817755
2023-11-16,1025.8642707134848,-0.6994583270516483
2023-11-17,1121.2076828904717,-0.6870527672236661
2023-11-18,1166.4045742942808,-0.6744436188329476
2023-11-19,1212.2420322151145,-0.6616346182422782
2023-11-20,1213.2375550735674,-0.648629561034979
2023-11-21,1202.3805765310194,-0.6354323008901781
2023-11-22,1191.9934245707655,-0.6220467484408686
2023-11-23,1210.396844114906,-0.6084768701151277
2023-11-24,1279.789648327302,-0.5947266869607654
2023-11-25,1288.7184769777755,-0.5808002734538005
2023-11-26,1242.2081362233419,-0.5667017562911205
2023-11-27,1283.4703670708104,-0.5524353131676201
2023-11-28,1331.2437602421173,-0.5380051715382975
2023-11-29,1366.154753769338,-0.5234156073655516
2023-11-30,1407.0847357344824,-0.5086709438521033
2023-12-01,1391.5007980690775,-0.4937755501599765
2023-12-02,1340.3399942474848,-0.4787338401157913
2023-12-03,1294.203659955223,-0.46355027090285106
2023-12-04,1211.8850521221034,-0.44822934174041446
2023-12-05,1223.0588637005799,-0.43277559255043235
2023-12-06,1218.6175186786875,-0.41719360261231525
2023-12-07,1196.9989227504257,-0.40148798920597517
2023-12-08,1063.2101485336286,-0.38566340624360645
2023-12-09,1011.1619092639578,-0.369724542890673
2023-12-10,1057.2103576126428,-0.35367612217637195
2023-12-11,1029.1658923462503,-0.33752289959411413
2023-12-12,1043.8046217360638,-0.3212696616923625
2023-12-13,987.0297588593755,-0.30492122465629096
2023-12-14,1045.1841919366473,-0.288482432880608
2023-12-15,1038.868379081629,-0.2719581575341085
2023-12-16,1050.6758665973352,-0.2553532951161871
2023-12-17,1152.7666448376117,-0.2386727660059507
2023-12-18,1224.4875565192883,-0.2219215130041666
2023-12-19,1209.2009993952313,-0.20510449986862084
2023-12-20,1180.4916485557217,-0.1882267098432429
2023-12-21,1164.8696618985273,-0.17129314418148028
2023-12-22,1188.5155987858425,-0.15430882066428087
2023-12-23,1183.1686866888117,-0.13727877211326503
2023-12-24,1164.2608257692082,-0.12020804489935348
2023-12-25,1110.8362784862654,-0.10310169744743618
2023-12-26,1105.44143073887,-0.08596479873744832
2023-12-27,1211.5836478466645,-0.06880242680232226
2023-12-28,1215.6245848341778,-0.05161966722325314
2023-12-29,1305.2188685409014,-0.034421611622749204
2023-12-30,1323.6108825676279,-0.01721335615583513
2023-12-31,1375.1763011363355,2.5729962394826186e-15
2024-01-01,1335.4889772008762,0.017213356155833172
