date,value,insufficient_driver,hidden_cause
2005-01-01,0.06094341595088627,0.13373981074427438,0.0
2005-02-01,0.8008542559603069,0.034549432075009955,1.008851077208406
2005-03-01,1.9330322087770846,0.0304057388329297,1.782941969615793
2005-04-01,2.333102916486352,0.12761411831195008,2.144989973208109
2005-05-01,1.6283878159205962,0.22424967912712218,2.0185948536513636
2005-06-01,1.1865083868354493,0.2676573358453711,1.446944288207913
2005-07-01,0.6078080967531916,0.1915611927766634,0.5822400161197345
2005-08-01,-0.41481497384795607,0.35904897816278747,-0.35156645537923964
2005-09-01,-1.1169652221167143,0.42282283301389056,-1.1136049906158565
2005-10-01,-1.67566902084491,0.7017474037533921,-1.505060235330194
2005-11-01,-1.2419689543537111,0.6876844611281671,-1.417848549326277
2005-12-01,-0.7055222640549941,0.46467566494411805,-0.8610806511407838
2006-01-01,0.05437514311439158,0.5712616638450825,0.04116900360214837
2006-02-01,1.3056882175692377,0.5036557998162997,1.0802399761756312
2006-03-01,2.1074750658879875,0.6409292986036514,2.0139731974375783
2006-04-01,2.45414146097283,0.781560500359034,2.625999953549478
2006-05-01,2.8524666500632634,0.9205853620888234,2.7787164932467636
2006-06-01,2.255197705081181,0.7770916162256393,2.4469742252469806
2006-07-01,1.8999270307449678,0.8345853559932204,1.7242369704835132
2006-08-01,0.7897125768791309,0.7352710970261346,0.7996977590763814
2006-09-01,-0.12501469448779168,0.9837334079455092,-0.08804222177873955
2006-10-01,-0.8455774288241283,0.9437585588140437,-0.70939151994334
2006-11-01,-0.6554721453666008,1.0470560572633927,-0.8999804131014069
2006-12-01,-0.6318102457906173,1.0623139221832414,-0.6009043493768569
2007-01-01,0.041188599566508846,1.1905737445747444,0.1268541639991303
2007-02-01,1.0469294951999528,1.0742271608643368,1.1173562052975987
2007-03-01,2.2467959107639515,1.153295475460901,2.140334073653282
2007-04-01,3.0306576659760576,1.56292471120283,2.957568853103242
2007-05-01,3.4637612337089383,1.271257741872597,3.381214711389741
2007-06-01,3.4059543116509428,1.3403214421545362,3.3197901110493664
2007-07-01,3.228905200488326,1.6836913528321313,2.8005756803142337
2007-08-01,1.8816519605986701,1.8405067169240408,1.9629349638755933
2007-09-01,0.921744820855562,1.4828433371174659,1.0241933666698695
2007-10-01,0.06367476961217847,1.613175104321197,0.22642931526175403
2007-11-01,-0.0995990992440143,1.734155555094051,-0.22279498375911344
2007-12-01,0.02454244760786317,1.9228697644405592,-0.20125201093631517
2008-01-01,0.2752360149256729,1.7013142921571762,0.29802550645664794
2008-02-01,0.9970074676682694,1.8254722154057892,1.165038763060775
2008-03-01,2.0348581761876567,1.9777337576061744,2.1997544193259047
2008-04-01,3.2911982970041427,1.993476607446662,3.1610797394392023
2008-05-01,3.974541335695944,1.9623843928769902,3.8258905014552553
2008-06-01,4.152290442218638,2.036617703548396,4.043659588557599
2008-07-01,3.6402093356143737,1.9625104191630018,3.7733112770721124
2008-08-01,3.139710270801736,2.1261826256025333,3.093278006188392
2008-09-01,2.205634543247338,2.1733612509991045,2.1822973814191924
2008-10-01,1.3193886944247835,2.2732169889626257,1.2756509750789808
2008-11-01,0.781844947239297,2.2444672781180985,0.607559191649659
2008-12-01,0.398555053796144,2.397153852254514,0.35383594404120755
2009-01-01,0.7246259886011316,2.501271581781983,0.5888432759867526
2009-02-01,1.2808007541675297,2.465542932766847,1.2672849402697515
2009-03-01,2.2931203795424504,2.5351756408399204,2.2352964998044538
2009-04-01,3.394374353212045,2.555315534757787,3.268116708044337
2009-05-01,3.833685736988072,2.6000084393091414,4.125116900959205
2009-06-01,4.544781042936374,2.5778441966457155,4.608715286207834
2009-07-01,4.518677325950447,2.731649426167331,4.612751856809006
2009-08-01,4.020704493661527,2.740271340158651,4.1484800633101955
2009-09-01,3.2867831263704015,3.00931683089306,3.341811576615738
2009-10-01,2.7014769818732867,3.0073354902475242,2.4024887196264073
2009-11-01,1.3995660084354167,2.9385846552556503,1.5727322315740653
2009-12-01,1.2615928542323893,2.8736942790305235,1.0679371833140932
2010-01-01,0.6873627974911154,2.8887588528016583,1.0239367518142763
2010-02-01,1.396768515088275,3.1691142953088867,1.46374552108543
2010-03-01,2.3244753223748713,3.126274922514714,2.29192470935387
2010-04-01,3.4351933776553496,3.1980143403391614,3.317948911383494
2010-05-01,4.445098678441952,3.025541401302581,4.302853362483381
2010-06-01,5.176410294131647,3.342743848155818,5.017740847091662
2010-07-01,5.230078705764847,3.3454420338214366,5.299823720214535
2010-08-01,4.99980964180544,3.2389569315585525,5.092280000338353
2010-09-01,4.629760548491479,3.3528475192550053,4.458165372240048
2010-10-01,3.526714091233526,3.4763717204356523,3.5649749562098494
2010-11-01,2.3884973963401137,3.5052466798356243,2.643634661007698
2010-12-01,1.705305024775491,3.520782881419645,1.9319624675761873
2011-01-01,1.4325518359134461,3.589651173193404,1.6164422931137685
2011-02-01,1.885998373101342,3.624802262179312,1.7865662242905893
2011-03-01,2.441408880500114,3.715256251210247,2.412923733286001
2011-04-01,3.4924994715406292,3.8971491972993157,3.3544024007270754
2011-05-01,4.307286628151464,3.5433341559068703,4.392737157418771
2011-06-01,5.3176571237586305,3.8263149735490316,5.285949185543288
2011-07-01,5.952708851361643,3.917651242137245,5.8275907725681755
2011-08-01,5.8354216034459085,3.97959939896871,5.897290911389956
2011-09-01,5.58158136847018,3.962808541867871,5.490226320958698
2011-10-01,4.585917165483511,3.8743278217521415,4.718302353696841
2011-11-01,3.7101438930775683,4.132799548371412,3.7827546623905826
2011-12-01,2.848532115249395,4.322735021416419,2.9248796940490607
2012-01-01,2.127788975050925,4.046613859508386,2.366956904168733
2012-02-01,2.3552214899179282,4.336382801369819,2.257826993760812
2012-03-01,2.542570046702258,4.26714747768771,2.636450514742803
2012-04-01,3.4248677917778836,4.343867565417116,3.422368968032346
2012-05-01,4.53155318199201,4.294710148929606,4.435403850210828
2012-06-01,5.529076870311245,4.416554382764413,5.439770635105257
2012-07-01,6.3348840708627945,4.6300044594698955,6.201807049068237
2012-08-01,6.527484647921656,4.608265524198771,6.547181744823541
2012-09-01,6.318917032888788,4.773231160540995,6.403576695297619
2012-10-01,5.802449526645292,4.767741188897769,5.818393168826572
2012-11-01,4.609679358698843,4.743908667892958,4.9471462454904485
2012-12-01,3.725966807247,4.924393452616779,4.015389301731617
2013-01-01,2.9989507548817866,4.843899315873831,3.2634906773526673
2013-02-01,2.68833375727351,4.932798817679706,2.8877831227938064
2013-03-01,3.072449539825744,4.870342904646529,2.9924946944810564
2013-04-01,3.3831342804605966,4.956654581585921,3.564230091532609
2013-05-01,4.399617781784264,4.930257617669972,4.4752502925921425
2013-06-01,5.774593182868182,5.148958393459486,5.5147475233109695
2013-07-01,6.369205557474465,4.982169637688514,6.44045835168675
2013-08-01,7.1854813391436565,5.2282350342417665,7.037978225450239
2013-09-01,6.986531648078996,5.180934894249484,7.173255184080971
2013-10-01,6.78432294239471,5.367124709346732,6.825410453968236
2013-11-01,5.901845889381553,5.375086898873127,6.091850300363669
2013-12-01,5.096610961305271,5.532064615764681,5.164417576485383
2014-01-01,4.450483529788247,5.473077469113865,4.282421902296768
2014-02-01,3.328584238686204,5.292795974434676,3.6740483233246737
2014-03-01,3.587374381991932,5.49330468271018,3.5004896532827603
2014-04-01,3.864027971944938,5.432799280740519,3.8164808514784823
2014-05-01,4.4380680046868175,5.548172015763373,4.556897995826176
2014-06-01,5.263491319372135,5.801122843327673,5.552702890249826
2014-07-01,6.586755412038424,5.76375338108977,6.57232951049565
2014-08-01,7.2724809012041085,5.680106957142125,7.378379443016869
2014-09-01,7.832280538440016,5.69862826335596,7.785745296169075
2014-10-01,7.7113018746354465,5.853278209287627,7.706931445530758
2014-11-01,7.493831792542459,5.778343985061888,7.173476014278276
2014-12-01,6.280358115207179,5.882885972260342,6.328229240701783
2015-01-01,5.185679259271194,6.031200947155124,5.390378757795567
2015-02-01,4.6376399432563655,6.16553120361067,4.601784816265102
2015-03-01,4.211763796777567,6.160876147222445,4.167764459983214
2015-04-01,4.47866026801587,5.920871049140191,4.206822752967782
2015-05-01,4.88866085588447,6.230436672903026,4.721638606701554
2015-06-01,5.669783101000778,6.257203357323258,5.5984088891708765
2015-07-01,6.927371978849527,6.34138902853727,6.634711400605615
2015-08-01,7.351312276839333,6.511620968165121,7.589064887703903
2015-09-01,8.112101769843632,6.193676172319526,8.240052076393582
2015-10-01,8.25521515444135,6.39088965748089,8.440530342722456
2015-11-01,8.075695398349053,6.559090632279336,8.153657358980206
2015-12-01,7.186574150931719,6.391840560054606,7.461911380442981
2016-01-01,6.673927881314947,6.747594904805352,6.546897691952067
2016-02-01,5.6004407610592715,6.686835661270067,5.644885300479026
2016-03-01,4.6947987831488245,6.784658398584341,4.988960042049356
2016-04-01,4.548841223689221,6.69290563384782,4.75195703993073
2016-05-01,5.066847408111457,6.881376368996622,5.004144638621418
2016-06-01,5.863645576001791,6.956847155598904,5.696020262422915
2016-07-01,7.069776550771983,6.923287802013717,6.670430372433626
2016-08-01,8.283819626994717,6.97344008926987,7.70104713379325
2016-09-01,8.630663249770977,7.027034323928173,8.547781363115778
2016-10-01,8.817657109979013,6.963665473526063,9.015564733985386
2016-11-01,8.575700050362489,7.085247131975965,9.00210930650875
2016-12-01,8.57649347488632,7.134747746754765,8.522951182417552
2017-01-01,7.5450585064620075,7.238339386435349,7.707646725524072
2017-02-01,6.684981193387861,7.34998242469103,6.768052645423798
2017-03-01,5.824036726413424,7.1941463918021595,5.9464560862253855
2017-04-01,5.428096106330028,7.337499096968043,5.456254283613306
2017-05-01,5.642903525221034,7.548145554765898,5.429707479063506
2017-06-01,5.916966713481984,7.375641177118744,5.885556999992915
2017-07-01,6.6927097617734015,7.417774998270968,6.724436729181139
2017-08-01,7.546070645215337,7.57023061918312,7.7532013957805
2017-09-01,8.39727868485549,7.684438519048532,8.732215273796362
2017-10-01,9.336761783584075,7.651142605556066,9.43402336539874
2017-11-01,9.688283806997799,7.832896059043699,9.699040317161463
2017-12-01,9.828208463030634,7.835679398256652,9.474622480314657
2018-01-01,8.854011816269649,7.884182006689007,8.827956911975072
2018-02-01,8.126159542537952,7.90541165013241,7.92961164033334
2018-03-01,6.911915542877153,8.132765310034609,7.011774662584983
2018-04-01,6.074417472094034,7.929483831113396,6.311406225377438
2018-05-01,5.819199339706776,7.7996477707933485,6.01222269215325
2018-06-01,6.054671157140014,8.210425436151715,6.199716370047164
2018-07-01,7.265917957938124,8.054230056904316,6.840224011451092
2018-08-01,7.624891415230505,8.160788044434304,7.789168751075382
2018-09-01,8.99415540561344,8.330955068486054,8.826457564866171
2018-10-01,9.529782282688927,8.089774045894108,9.710367718306333
2018-11-01,10.423043524775219,8.174835278589386,10.23672892220037
2018-12-01,10.365901533378402,8.189872206288115,10.28891134015723
2019-01-01,9.835053060614966,8.320586370997457,9.866380640146584
2019-02-01,9.076676312388251,8.4939636606017,9.084828817615339
2019-03-01,8.016891221016948,8.552418784281278,8.147848760102827
2019-04-01,7.386302048117412,8.577627417932856,7.297087607820996
2019-05-01,6.662086409923725,8.458723411610762,6.75308310599188
2019-06-01,6.416147120541044,8.418989656336736,6.661268273294494
2019-07-01,6.800776811874432,8.70543535853904,7.056364326738356
2019-08-01,7.888397300339205,8.702822396636167,7.853879716794782
2019-09-01,9.18661485674941,8.845938577171662,8.870796605467323
2019-10-01,9.902378338718215,8.920195362622128,9.870380016003526
2019-11-01,10.59641114640293,8.913824143205868,10.620138811624907
2019-12-01,11.005912862142678,9.026013308537587,10.948747634222169
2020-01-01,11.049193675542481,9.022921137411506,10.787993327201116
2020-02-01,10.233352395506698,9.103006470560148,10.189475895233926
2020-03-01,9.229789577335566,9.029532673713012,9.311975023502313
2020-04-01,8.603833015141918,9.132038858616854,8.38257527312994
2020-05-01,7.726819148460714,9.219677609665696,7.641067860768391
2020-06-01,7.58839260414903,9.332052847541743,7.281241405749832
2020-07-01,7.440082604904488,9.260625882777543,7.403435717460106
2020-08-01,7.745081304183794,9.402116725573212,7.989975110527894
2020-09-01,8.635864189215559,9.373416120808463,8.909496029064691
2020-10-01,10.279295013056739,9.438245783267188,9.94910942661049
2020-11-01,11.211256573628901,9.582951904202407,10.866523429472242
2020-12-01,11.41346099497193,9.350693962894585,11.44936483762845
2021-01-01,11.490538026641495,9.470352767192525,11.567175490868692
2021-02-01,11.495641834748984,9.50178146025572,11.203352976300543
2021-03-01,10.237806341646348,9.46663838801517,10.459215478055045
2021-04-01,9.35025014842503,9.682173555984482,9.529195552216194
2021-05-01,8.781901614956965,9.874943389972774,8.653236256019156
2021-06-01,7.979123694560477,9.821511593361745,8.058044719132395
2021-07-01,7.900561958283278,9.919779008194185,7.901586331627293
2021-08-01,8.201720727548189,10.05892174967108,8.234409307253092
2021-09-01,9.054783627540269,10.13276861322677,8.987268717780482
2021-10-01,10.269576438696202,10.043086206527386,9.988080066433458
2021-11-01,11.022168555737052,10.235358588956942,11.004051574356703
2021-12-01,11.927467485631873,10.15921266584341,11.7986797269765
2022-01-01,11.77961916251061,10.116260177617255,12.189653582716813
2022-02-01,12.083747169427435,10.190559964780126,12.093490849813458
2022-03-01,11.377331208826124,10.151946348743499,11.545977262884698
2022-04-01,10.449642374940831,10.261186614626636,10.693404987025557
2022-05-01,9.58112472028919,10.364198331192558,9.75675519367494
2022-06-01,8.910769474719434,10.530358501937862,8.977594162859596
2022-07-01,8.742109941396233,10.672076983116598,8.55892943292503
2022-08-01,8.350227931465193,10.411781848462297,8.615506475013106
2022-09-01,9.15184129835718,10.639282746825993,9.145714999838296
2022-10-01,9.93514932599888,10.545945606084247,10.031983212665596
2022-11-01,11.004028870248943,10.747469708846321,11.069563489121336
2022-12-01,12.217213299523818,10.736891334931228,12.016661734462897
2023-01-01,12.761260098236356,10.616909417415247,12.65363701083557
