date,value,researchers,enrollment,remittances,gdp_pc,net_migration
1996-01-01,1.96221176672834,1080.91203644041,16.392370223999,0.317633610960388,7183.18047671902,0.0
1997-01-01,1.96006521212928,1080.91203644041,17.93284034729,0.363404765036323,7359.52415187358,0.0
1998-01-01,1.96986873962029,1080.91203644041,18.058629989624,0.361264257808148,7459.91066703473,0.0
1999-01-01,2.04456888504758,1080.91203644041,18.7848205566406,0.363714702189591,7619.75713179924,0.0
2000-01-01,2.04266535791765,1080.91203644041,19.484260559082,0.371565722588137,7858.90796621259,0.0
2001-01-01,2.0599748592875,1103.709164914504,20.3930397033691,0.40481232559022,7912.24589263937,0.0
2002-01-01,2.02403958419777,1126.5062933885981,21.6429405212402,0.450996926721737,7989.62889151096,0.0
2003-01-01,2.01391223608536,1149.303421862692,22.7504901885986,0.494290008730431,8131.19308358597,0.0
2004-01-01,1.96568349983534,1172.100550336786,23.6235904693604,0.502949483222037,8388.5973377126,0.0
2005-01-01,1.94581438690677,1194.89767881088,24.3295593261719,0.542379310002386,8618.44740525166,0.0
2006-01-01,1.95787855135669,1209.30914703339,25.7015895843506,0.580424267096154,8890.47332913351,0.0
2007-01-01,1.92343118192779,1223.7206152559,26.303430557251,0.613849504850317,9166.56507078682,0.0
2008-01-01,1.9766078401562,1238.13208347841,27.350980758667,0.650612440253402,9240.5056265252,0.0
2009-01-01,2.01291842090683,1252.54355170092,28.2910709381104,0.656199705022222,9005.17592406812,0.0
2010-01-01,1.99818197628057,1266.95501992343,29.5784606933594,0.640816939876728,9298.74987325048,0.0
2011-01-01,1.9810981615506,1289.692671384072,31.1437301635742,0.64646580325007,9492.82945551876,0.0
2012-01-01,2.01197512481822,1312.430322844714,32.3113899230957,0.667200662677984,9630.06477941676,0.0
2013-01-01,1.97405501831555,1335.167974305356,33.0915985107422,0.690201705730263,9786.8793911809,0.0
2014-01-01,2.0848779352667,1357.9056257659981,35.5645713806152,0.718224162059309,9972.48234099611,0.0
2015-01-01,2.10224469796289,1380.64327722664,36.6130981445312,0.746351886254658,10161.9445773234,0.0
2016-01-01,2.14650210805221,1428.3102929198035,37.1431999206543,0.722008619647385,10324.8400705021,0.0
2017-01-01,2.13912245808838,1475.9773086129667,37.4994316101074,0.729642571119282,10561.1001052909,0.0
2018-01-01,2.21527458558344,1523.64432430613,37.8525314331055,0.736857018790862,10789.6668089725,0.0
2019-01-01,2.25997731141173,1587.481753968705,38.6688690185547,0.748502154044041,10963.6816310515,0.0
2020-01-01,2.45057247011726,1651.31918363128,39.7074089050293,0.770347248160742,10541.8118545305,0.0
2021-01-01,2.51648543960967,1651.31918363128,41.0742492675781,0.756384021794641,11124.7495292116,0.0
2022-01-01,2.56510287270503,1651.31918363128,42.0465698242188,0.780734416038753,11403.9410808157,0.0
2023-01-01,2.59056888571504,1651.31918363128,43.197868347168,0.771714281425808,11631.716477221,0.0
