year,date,energy_use_pc,gdp_growth,urban_pct,industry_pct
1990,1990-01-01,1570.9508628612562,3.527586218055474,43.27883760999659,29.895479898052503
1991,1991-01-01,1636.5672906172704,3.07449844972894,43.85428235802138,29.60124236946178
1992,1992-01-01,1685.6883347829369,3.2756952340697185,43.95710328958413,29.527631970695403
1993,1993-01-01,1626.596036270848,2.542232119752857,44.1707160325576,29.901393935155543
1994,1994-01-01,1686.6676064640276,2.0001560471328874,44.645725759758136,30.01856046757864
1995,1995-01-01,1756.4908507647272,2.181182048980241,44.96598975576963,30.207920252417924
1996,1996-01-01,1832.8448010928132,2.3356983557268656,45.954116097021156,29.552303724019474
1997,1997-01-01,1858.83874214336,2.358063298176758,46.35168238026182,29.60085279865065
1998,1998-01-01,1903.8957708239946,2.8364686517417423,46.230275810960386,29.667348547273185
1999,1999-01-01,1956.1573608515105,2.589790277529607,46.5957243128639,29.273071853751016
2000,2000-01-01,1997.3760227240552,2.218472308610655,47.928643651023044,29.503556783330204
2001,2001-01-01,1999.387989841414,3.486829031616475,47.24736738916677,29.22883643647217
2002,2002-01-01,2002.5775190168238,2.26879743991734,48.42249750216878,29.264359449191637
2003,2003-01-01,2050.8681561615763,2.1294559775805837,48.653740960440274,29.297988290905455
2004,2004-01-01,2050.542733562718,1.848281516195687,49.018630717638004,29.310578185161305
2005,2005-01-01,2054.9305223164297,2.0293485047581084,49.50918393945387,29.241448264606436
2006,2006-01-01,2097.4357872550568,2.8926896103075554,50.113536261240725,29.249810386806896
2007,2007-01-01,2201.3930871657108,2.573568407806467,50.39260960277895,29.042069042897648
2008,2008-01-01,2140.9325187242616,3.637116435345891,50.38201147206893,28.84431985073483
2009,2009-01-01,2187.733626198114,2.38743064973729,50.812916548622425,28.62805572053721
2010,2010-01-01,2326.5248001898954,2.9420387337457834,51.244517338280275,28.780337703420727
2011,2011-01-01,2352.5053942328536,1.2747868424637825,51.620680624433824,28.683431834436924
2012,2012-01-01,2265.3710369271907,1.8732753234777817,51.60677932568917,28.691826575530097
2013,2013-01-01,2350.9877354512328,2.8656183845259666,52.88249682608743,28.51120871268565
2014,2014-01-01,2420.3724537045036,2.4986862864908295,53.10338967957656,28.60020572483324
2015,2015-01-01,2509.892360994741,3.3754146993011966,53.14319608117914,28.601856541027715
2016,2016-01-01,2533.5263908740785,3.1762557221861947,54.24630801682779,28.62529100288069
2017,2017-01-01,2470.079893082742,3.6790007606981154,54.54625645774434,28.402351976779823
2018,2018-01-01,2532.4205902268404,3.3391472121530748,54.58759867815612,27.950649211521554
2019,2019-01-01,2668.5208979137105,2.2690289117135585,55.19224915933585,28.210430313598337
2020,2020-01-01,2629.7357624244273,1.546746293746082,55.81860429393755,28.281128417904082
2021,2021-01-01,2642.076521186121,2.6544485797686126,56.150451941501146,27.97485161469068
2022,2022-01-01,2704.79123800897,1.1227934837435858,56.43978657242491,28.272636047697524
2023,2023-01-01,2794.5030723095842,3.1797102793371876,57.07014958338213,27.68259663352702
