date,year,energy_use_pc,renewables_share,fossil_share,gdp_pc
1995-01-01,1995,17592.896,19.720285,62.28868,11429.359
1996-01-01,1996,17844.033,19.405693,62.52802,11679.153
1997-01-01,1997,17767.602,19.361753,63.072407,11964.178
1998-01-01,1998,17621.312,19.06064,63.500706,12088.102
1999-01-01,1999,17673.488,18.75384,63.63817,12351.548
2000-01-01,2000,17890.75,18.716286,64.65634,12769.831
2001-01-01,2001,17824.848,18.044,65.09774,12904.862
2002-01-01,2002,17970.854,17.907661,65.551544,13093.065
2003-01-01,2003,18355.602,17.442015,66.915405,13402.992
2004-01-01,2004,19042.68,17.981865,66.402794,13914.812
2005-01-01,2005,19422.695,18.095596,66.866585,14370.885
2006-01-01,2006,19708.033,18.228472,67.11262,14927.549
2007-01-01,2007,20069.822,17.97366,68.31276,15510.866
2008-01-01,2008,20049.713,18.908064,67.687126,15747.7295
2009-01-01,2009,19477.537,19.467335,67.21124,15452.501
2010-01-01,2010,20166.256,19.720509,67.45997,16047.989
2011-01-01,2011,20378.969,20.016176,68.103546,16479.488
2012-01-01,2012,20413.594,20.977444,68.22021,16784.95
2013-01-01,2013,20516.178,21.712217,67.713326,17122.045
2014-01-01,2014,20488.625,22.26262,67.21511,17500.176
2015-01-01,2015,20394.59,22.967085,66.48008,17868.092
2016-01-01,2016,20403.568,23.731874,65.856705,18232.727
2017-01-01,2017,20616.426,24.465708,65.33727,18714.94
2018-01-01,2018,20932.492,25.088713,64.86499,19189.02
2019-01-01,2019,20956.146,26.071484,63.664516,19552.084
2020-01-01,2020,20032.188,27.987377,62.10246,18811.494
2021-01-01,2021,20874.295,28.101631,62.122955,19866.768
2022-01-01,2022,21076.293,29.469746,61.402164,20409.441
