date,pm25,coal_pct,gdp_growth,renewable_pct
1990-01-01,39.6557384808528,37.3805663884836,2.74043123173104,16.6761728451138
1991-01-01,39.3526366653368,37.4148740167147,1.23795463953581,16.8275092292776
1992-01-01,39.1125179210529,37.7462328831663,2.08330128141716,17.1858871999502
1993-01-01,38.9369222560453,37.6549048622085,1.88997754116691,17.2074395489013
1994-01-01,38.825853941309,37.8053045282957,3.39430880680132,17.3572712155107
1995-01-01,38.7821357748803,37.6187176272123,3.16459831490941,17.4243468135946
1996-01-01,38.866449408306,38.2174481505638,3.59262581167515,17.4450890685685
1997-01-01,39.0877009463928,38.2598008595652,3.96560649440363,17.4743432804444
1998-01-01,39.3740883120852,38.0025632882758,2.83211105781132,17.6182879337665
1999-01-01,39.6503543594892,37.8212659309571,3.58036735454222,17.8778259194218
2000-01-01,39.836516383255,38.6404994264195,4.55506182477734,17.5262813966932
2001-01-01,39.9095714271776,38.4700864746164,2.03855309163346,17.2141012541802
2002-01-01,39.9047898830216,38.7557573629835,2.31107096730896,17.2206557859887
2003-01-01,39.8291816117305,39.8774024682977,3.09383471039327,17.067470633117
2004-01-01,39.692978378396,39.4280201992098,4.50184539653775,16.7834791518651
2005-01-01,39.5104179564352,39.871098104848,4.05453629039749,16.6370993331808
2006-01-01,38.9280450298312,40.5152582797302,4.47616958858073,16.7290772224366
2007-01-01,37.830432345733,41.1745096490726,4.41384473328112,16.5374660334277
2008-01-01,36.5857500717606,40.6774299119618,2.09239458384161,16.6569817886533
2009-01-01,35.5680152793447,40.0682588815129,-1.31864911944238,17.0654993607187
2010-01-01,35.1333747870267,40.1719041991448,4.52424032554684,16.7414815095897
2011-01-01,38.6072302848633,41.0462642378077,3.33900335400304,16.6987205578704
2012-01-01,41.1095684324473,40.2773644248639,2.73120979279709,16.8962150785112
2013-01-01,43.0857565811497,40.9503002858208,2.88814205849093,17.1692464159295
2014-01-01,42.426040088424,40.7651672927139,3.13301748764181,17.3299951573821
2015-01-01,42.1556505072571,39.1156584657392,3.11378907834427,17.4035082673572
2016-01-01,40.9705092247096,38.2033469888709,2.7935920724707,17.6281084915531
2017-01-01,38.3856772409041,38.5043025217512,3.45183009055702,17.8541835016377
2018-01-01,37.6338719238109,38.0133387156568,3.27395826417857,18.1052270747944
2019-01-01,34.4926075995231,36.7546519370513,2.67911757479926,18.5751641385934
2020-01-01,31.3238388191905,35.2290236804346,-2.89922310337025,19.7355641050053
2021-01-01,31.3238388191905,35.9907693605797,6.4133496154197,19.7355641050053
2022-01-01,31.3238388191905,35.8141828358927,3.40305483746891,19.7355641050053
