year,date,value
1992,1992-01-01,33.0058502755487
1993,1993-01-01,32.8229368636513
1994,1994-01-01,32.765567901761
1995,1995-01-01,32.7059360687426
1996,1996-01-01,32.645644844447
1997,1997-01-01,32.5674589530177
1998,1998-01-01,32.5137430222582
1999,1999-01-01,32.4516216956723
2000,2000-01-01,32.373759569026
2001,2001-01-01,32.3344314178347
2002,2002-01-01,32.2953595345931
2003,2003-01-01,32.2539212599977
2004,2004-01-01,32.1772151348171
2005,2005-01-01,32.1369399989646
2006,2006-01-01,32.0985781567973
2007,2007-01-01,32.0594407969041
2008,2008-01-01,32.0242370807185
2009,2009-01-01,31.9854288136139
2010,2010-01-01,31.9456325774178
2011,2011-01-01,31.911541080106
2012,2012-01-01,31.4712089390986
2013,2013-01-01,31.4370965108556
2014,2014-01-01,31.4027044198949
2015,2015-01-01,31.3672852185744
2016,2016-01-01,31.3398157847626
2017,2017-01-01,31.2888985608941
2018,2018-01-01,31.2515001256163
2019,2019-01-01,31.2123964792576
2020,2020-01-01,31.1755410752473
2021,2021-01-01,31.1756771274206
2022,2022-01-01,31.1430410787403
