date,attention
2015-07-01,102913
2015-08-01,124922
2015-09-01,125452
2015-10-01,130364
2015-11-01,144260
2015-12-01,162013
2016-01-01,148048
2016-02-01,130043
2016-03-01,128804
2016-04-01,116009
2016-05-01,107590
2016-06-01,92860
2016-07-01,84663
2016-08-01,100654
2016-09-01,105648
2016-10-01,122093
2016-11-01,159422
2016-12-01,129958
2017-01-01,146740
2017-02-01,120932
2017-03-01,130555
2017-04-01,108739
2017-05-01,125478
2017-06-01,134258
2017-07-01,115033
2017-08-01,123695
2017-09-01,126247
2017-10-01,124404
2017-11-01,132865
2017-12-01,113503
2018-01-01,141025
2018-02-01,121368
2018-03-01,123004
2018-04-01,119186
2018-05-01,124228
2018-06-01,96290
2018-07-01,107077
2018-08-01,113448
2018-09-01,116058
2018-10-01,149526
2018-11-01,137783
2018-12-01,126356
2019-01-01,135992
2019-02-01,129780
2019-03-01,152025
2019-04-01,145091
2019-05-01,160968
2019-06-01,135720
2019-07-01,136237
2019-08-01,151923
2019-09-01,226346
2019-10-01,216308
2019-11-01,60954
2019-12-01,44158
2020-01-01,51013
2020-02-01,37871
2020-03-01,30536
2020-04-01,29069
2020-05-01,28869
2020-06-01,24483
2020-07-01,20069
2020-08-01,53648
2020-09-01,177191
2020-10-01,193542
2020-11-01,172275
2020-12-01,145971
2021-01-01,151931
2021-02-01,187803
2021-03-01,225736
2021-04-01,190311
2021-05-01,183328
2021-06-01,184559
2021-07-01,198243
2021-08-01,215468
2021-09-01,212201
2021-10-01,265277
2021-11-01,208119
2021-12-01,174237
2022-01-01,178035
2022-02-01,175684
2022-03-01,212959
2022-04-01,536463
2022-05-01,158690
2022-06-01,130923
2022-07-01,152606
2022-08-01,162707
2022-09-01,176281
2022-10-01,160959
2022-11-01,171814
2022-12-01,145956
2023-01-01,171249
2023-02-01,138397
2023-03-01,177744
2023-04-01,1094799
2023-05-01,169057
2023-06-01,149887
2023-07-01,185575
2023-08-01,169629
2023-09-01,171426
2023-10-01,176778
2023-11-01,151650
2023-12-01,216606
2024-01-01,178700
2024-02-01,157892
2024-03-01,148285
2024-04-01,153093
2024-05-01,140766
2024-06-01,117499
2024-07-01,115530
2024-08-01,117163
2024-09-01,135725
2024-10-01,142895
2024-11-01,147234
2024-12-01,3650
