date,value
2000-01-01,0.31044675666789895
2001-01-01,0.279895296749957
2002-01-01,0.32039082281168557
2003-01-01,0.3653561560030223
2004-01-01,0.278695606722212
2005-01-01,0.2798953466643446
2006-01-01,0.3717620228569389
2007-01-01,0.33237253632966623
2008-01-01,0.2717266902613137
2009-01-01,0.3235281749693455
2010-01-01,0.2744291665580662
2011-01-01,0.2755135187214462
2012-01-01,0.3120981135783017
2013-01-01,0.20553598136715107
2014-01-01,0.216154057175659
2015-01-01,0.2754854507479041
2016-01-01,0.25415803442521745
2017-01-01,0.321711566757743
2018-01-01,0.2617974141423702
2019-01-01,0.23778262042143172
2020-01-01,0.38287916298769886
2021-01-01,0.29950652179305215
2022-01-01,0.31537001432774525
2023-01-01,0.24195407888081089
2024-01-01,0.2871698147564035
