date,value,research_investment
1996-01-01,0.06534199465036301,100.0
1997-01-01,0.07432174245319068,102.49999999999999
1998-01-01,0.08043561329766909,105.06249999999999
1999-01-01,0.08712265953381734,107.68906249999996
2000-01-01,0.09992357661444402,110.38128906249996
2001-01-01,0.11215131830340085,113.14082128906244
2002-01-01,0.12113106610622851,115.96934182128899
2003-01-01,0.1377531524646542,118.86857536682123
2004-01-01,0.16087122659533817,121.84028975099173
2005-01-01,0.18265189147879252,124.88629699476652
2006-01-01,0.207680550248376,128.00845441963565
2007-01-01,0.23786778754298815,131.20866578012655
2008-01-01,0.26709973251815056,134.4888824246297
2009-01-01,0.29938861291555213,137.85110448524543
2010-01-01,0.34180359189912113,141.29738209737656
2011-01-01,0.3758119984715323,144.82981664981097
2012-01-01,0.40982040504394346,148.45056206605622
2013-01-01,0.45013374092472297,152.16182611770762
2014-01-01,0.49636988918609093,155.9658717706503
2015-01-01,0.5494841421474971,159.86501856491654
2016-01-01,0.5968666411922048,163.8616440290394
2017-01-01,0.6602980512036684,167.9581851297654
2018-01-01,0.7239205196790218,172.15713975800952
2019-01-01,0.7877340466182652,176.46106825195974
2020-01-01,0.8725640045854032,180.8725949582587
2021-01-01,0.9346580053496369,185.3944098322152
2022-01-01,1.0,190.02927007802052
