date,value,spurious_trend
2020-01-01,15.235853987721567,-42.68796112937059
2020-01-02,-50.99920531202478,23.985297750749375
2020-01-03,39.52255979032286,51.42766212326576
2020-01-04,50.02823581956069,5.012825100023143
2020-01-05,-93.55175943269182,-60.31966675418485
2020-01-06,-60.1089753431159,-63.01291831446635
2020-01-07,12.392020158364268,-65.35682010931205
2020-01-08,-8.81212961717911,-81.38110564696905
2020-01-09,7.159942124785561,13.474267972354376
2020-01-10,-33.652196378679,65.25219608540127
2020-01-11,53.96989874314143,9.329210653759562
2020-01-12,49.889596771447415,-102.02073786689262
2020-01-13,15.301534878060803,2.4619769832725638
2020-01-14,69.36206034840164,4.860050168369645
2020-01-15,37.37546711260228,118.79993751127196
2020-01-16,-27.964623144161912,-57.856895645977815
2020-01-17,34.437539204124946,-3.533880129959787
2020-01-18,-30.944130041449945,102.2926340272282
2020-01-19,61.922515065363626,40.498917067327405
2020-01-20,16.503704450687355,47.16565367582123
2020-01-21,10.756881822736972,25.729221851193913
2020-01-22,-13.046477220197069,37.497176932863226
2020-01-23,83.12706693370151,60.8804765139268
2020-01-24,15.273525896559892,-17.47431594463832
2020-01-25,2.5836088918446407,67.90292894541
2020-01-26,7.393322475588519,-43.650150844276965
2020-01-27,52.61545927766744,42.41839864157691
2020-01-28,45.27220321820391,35.93704816431636
2020-01-29,48.636630579799416,-2.814654409605396
2020-01-30,50.541050150394135,27.865736233717662
2020-01-31,137.08238004352307,-1.1270076332776533
2020-02-01,10.679249180769222,-22.58506634308722
2020-02-02,6.387863546423134,14.319262919317783
2020-02-03,-7.688636412393883,-22.199431768583075
2020-02-04,64.79897112877478,50.13987320466241
2020-02-05,91.44861463604458,-22.504274707618173
2020-02-06,30.302627117256247,71.59885114955256
2020-02-07,-5.0078238481263995,-22.073953396441006
2020-02-08,-3.2240607845619778,9.685254220949684
2020-02-09,71.52963939123505,7.7698295892410485
2020-02-10,77.16270856017212,106.25733644374195
2020-02-11,68.15771341525975,57.514497280829595
2020-02-12,8.724514635565285,31.41330987278029
2020-02-13,54.60806615333599,67.93597205348617
2020-02-14,49.83429045703641,-61.3596173664844
2020-02-15,55.93442983645065,42.84332051795463
2020-02-16,89.5714388974095,145.87570889023812
2020-02-17,58.179777438734114,53.61732532013363
2020-02-18,81.94567815359474,51.39565845846678
2020-02-19,52.37895347444457,76.40641898210981
2020-02-20,64.45596993449921,94.78026216571728
2020-02-21,82.56441129192702,-48.873334644492985
2020-02-22,-20.857790992783322,-32.11632408955134
2020-02-23,37.01643918213493,63.51456455430733
2020-02-24,30.481367285360225,18.256171905124518
2020-02-25,23.056107587832905,120.60126311099572
2020-02-26,42.24288743866581,40.24128050573881
2020-02-27,131.7470655617198,-39.726536785655895
2020-02-28,14.708444215337842,-5.400695842199852
2020-02-29,107.41391772957404,-78.48380098152876
2020-03-01,-24.143488580790233,48.29372313585437
2020-03-02,44.255748500711256,51.58079363678083
2020-03-03,70.13765325525029,40.77686451090511
2020-03-04,92.31111656796391,116.94395195148694
2020-03-05,99.56132898964275,123.92599182583467
2020-03-06,104.66736175999625,56.48057883219444
2020-03-07,48.56374638757812,-40.7346833738428
2020-03-08,43.88241036677164,97.86407902461292
2020-03-09,110.89879406285769,95.76801142542877
2020-03-10,59.434783755919256,84.46957850784725
2020-03-11,6.21568383310391,119.07398746540579
2020-03-12,14.33563929982597,12.758595176947999
2020-03-13,26.027385699919435,172.43776930925694
2020-03-14,97.8580372026882,25.028612342906598
2020-03-15,81.12128680352826,111.46114636004273
2020-03-16,109.5242677033884,-9.367384720667587
2020-03-17,54.63736768317329,29.48676563649746
2020-03-18,84.92698455383571,152.81843233626682
2020-03-19,109.27951969836684,64.95500884995751
2020-03-20,63.53267301398808,120.9961302566399
2020-03-21,102.83876187787058,91.8477694359623
2020-03-22,47.90370294666744,75.75209219999137
2020-03-23,63.84730767174641,150.19251624663448
2020-03-24,63.913105300083544,71.16705876740498
2020-03-25,24.208017720548014,-5.036905378173529
2020-03-26,109.34862403927909,44.83799540241475
2020-03-27,62.52988298986381,113.55958643508471
2020-03-28,87.62470593638437,106.77545531812541
2020-03-29,112.03733294529545,9.647087488228095
2020-03-30,111.3265588014972,52.78287402958995
2020-03-31,123.26925544863931,60.91393253988767
2020-04-01,86.07572577452882,72.72652029428875
2020-04-02,70.83508439779231,23.20432056992243
2020-04-03,89.01408945468005,61.58144459402607
2020-04-04,9.633278302098503,57.56947573702363
2020-04-05,22.644376378845635,133.57666298809596
2020-04-06,29.865019382279883,136.45606554951218
2020-04-07,47.137658619925915,89.70947709555921
2020-04-08,117.98871133617183,78.39801020646343
2020-04-09,53.72604723199696,105.99621560195567
2020-04-10,81.09187229803052,59.171244627221256
2020-04-11,165.96141488930328,43.658395891627954
2020-04-12,84.18680144692871,54.988939553714154
2020-04-13,139.87577842335432,71.25934180142717
2020-04-14,57.31911599950615,45.82631001038645
2020-04-15,94.7281221066185,113.10297795314374
2020-04-16,58.49889725447094,142.4857836891854
2020-04-17,90.04834620497188,27.645084960087914
2020-04-18,150.0154068728698,109.25643556080166
2020-04-19,22.633978840382568,98.00321023668322
2020-04-20,131.72118217729286,127.07543427684014
2020-04-21,122.88678011661389,110.3530615948206
2020-04-22,82.29250221516028,39.32003600341845
2020-04-23,40.69710728057727,49.88053505714173
2020-04-24,117.60647538569347,115.47117877924863
2020-04-25,88.52536454680988,166.43904598727545
2020-04-26,127.6338105677352,5.2906314478498615
2020-04-27,118.09260727617215,134.286328990079
2020-04-28,198.08894456604577,177.48110026438215
2020-04-29,107.0322186263488,111.34870618968935
2020-04-30,68.82512536890675,147.51012480132204
2020-05-01,129.9637817478158,85.84654595510989
2020-05-02,132.99983419858825,116.03169003615616
2020-05-03,190.95937876202183,41.95432408459243
2020-05-04,165.75556229572894,6.782834579056313
2020-05-05,142.84355295747548,172.13829006126377
2020-05-06,199.1651445609781,76.75025361377791
2020-05-07,67.56184728385745,104.22360774982847
2020-05-08,96.0124233625126,58.67788733649034
2020-05-09,82.67120292972376,58.50151484580621
2020-05-10,110.5095098422116,121.30811499526918
2020-05-11,62.165692622184565,94.52114029321768
2020-05-12,163.7575473407202,150.89854989973492
2020-05-13,121.88886514506133,155.6269209489796
2020-05-14,60.45968527486711,150.04248231623035
2020-05-15,84.22104593962291,146.9300395464222
2020-05-16,151.67569237250976,214.8884102465943
2020-05-17,178.90632839471905,83.6203115477557
2020-05-18,237.83654458458932,135.2532566898541
2020-05-19,284.69312330036644,195.63449102597943
2020-05-20,160.72047166379983,203.22699046690184
2020-05-21,91.5230939984068,69.91181753277135
2020-05-22,35.39768596343454,126.3822279172065
2020-05-23,156.3855731171918,210.906054793363
2020-05-24,103.3529452344837,169.40395525995325
2020-05-25,124.23213699101574,154.76315157398864
2020-05-26,115.3951600470096,135.11576532826717
2020-05-27,139.96045567918074,127.80995371461273
2020-05-28,201.29901153938218,162.41095315451622
2020-05-29,156.85242837226724,136.38129375077582
2020-05-30,142.06825814806558,147.8710689477778
2020-05-31,99.21731235870942,154.92993530575188
2020-06-01,68.26585276478215,118.09642357532505
2020-06-02,128.68460454633345,179.6064686940719
2020-06-03,151.31087245908398,299.712232420771
2020-06-04,243.39649567899414,66.15066803369625
2020-06-05,162.5137260736443,172.200626209499
2020-06-06,206.1369755511529,118.99049556905473
2020-06-07,133.0352200730424,186.8701288759625
2020-06-08,99.75281167914878,161.32787366639303
2020-06-09,111.7441618883814,198.09273870212317
2020-06-10,124.73869677321234,219.77532882543898
2020-06-11,268.42348662175823,171.62105588840907
2020-06-12,121.93066603878069,219.6026144207089
2020-06-13,205.92446018681724,46.78510531056614
2020-06-14,119.85364109564868,244.52261489580115
2020-06-15,212.5786506437122,184.753107594617
2020-06-16,186.24754830529315,220.8921677872591
2020-06-17,160.16810511709548,107.00621275792392
2020-06-18,166.9618736932283,127.46150591973321
2020-06-19,137.26061522853047,177.2969147072387
2020-06-20,193.30361007410403,170.14810553312685
2020-06-21,149.250825982961,186.15342940049948
2020-06-22,111.7197118116376,227.2257580464983
2020-06-23,110.10312128401904,85.73898423485754
2020-06-24,183.62939588610598,223.69095358586546
2020-06-25,254.95456282052174,176.41409549789634
2020-06-26,184.99958067867192,166.8109069437726
2020-06-27,172.06808369450587,104.44423828075548
2020-06-28,193.29130698012713,204.15243341884326
2020-06-29,245.30008708534126,59.29460744844815
2020-06-30,191.96912506819282,213.41970056193563
2020-07-01,161.45363845831315,107.3947082263504
2020-07-02,238.31443550299446,185.6728956308737
2020-07-03,205.43782192308066,178.04155813360398
2020-07-04,261.7877995997996,243.47690736469417
2020-07-05,195.16172186109532,177.0672415493055
2020-07-06,125.77654841397498,152.29307194271672
2020-07-07,119.59204003771676,162.66986520143985
2020-07-08,271.5463966115625,252.64413843773318
2020-07-09,276.18328603916484,216.8148484590447
2020-07-10,182.02403933586996,171.71850092384193
2020-07-11,172.8406339432006,180.17767900177432
2020-07-12,266.0722146121101,114.64114547072765
2020-07-13,138.6477158978256,213.42371004257706
2020-07-14,150.26364905220868,107.00921461522671
2020-07-15,228.1663397344522,233.5898232917728
2020-07-16,177.26974385702053,203.4310796245633
2020-07-17,197.74390666399643,317.34758997869613
2020-07-18,190.82785507377437,143.9932223137847
2020-07-19,216.8787274399467,194.86689544796835
2020-07-20,271.3740930656858,290.91438504615314
2020-07-21,206.52924534508728,261.5694820145707
2020-07-22,235.1969396638429,168.18939742100503
2020-07-23,101.49139494844887,215.1983714186724
2020-07-24,202.5640799034941,205.09996782075436
2020-07-25,163.83848648535644,220.09779336970786
2020-07-26,146.0593469788186,172.0659782007585
2020-07-27,164.09238165356246,203.53397986496327
2020-07-28,192.2938279649594,129.09738123616432
2020-07-29,255.79512711780066,216.7561725934041
2020-07-30,144.6803641130218,233.5010336710916
2020-07-31,213.53157462972086,200.6290293678058
2020-08-01,188.79152833332108,132.2474554707606
2020-08-02,197.61634528190194,263.4265931425731
2020-08-03,265.1378912652302,233.22625189964012
2020-08-04,242.9057718501963,179.69924511495117
2020-08-05,283.86990537213717,202.9699776580968
2020-08-06,210.274716037505,142.96652986090805
2020-08-07,184.20286941646486,167.72949361110477
2020-08-08,208.80705915597503,193.10943268214302
2020-08-09,233.12483956356107,282.42104061400755
2020-08-10,230.82866792268555,190.02483045562622
2020-08-11,168.78059638833167,255.01068296643794
2020-08-12,228.5244890813937,197.084189856921
2020-08-13,236.41141650694524,237.39737804259374
2020-08-14,351.87370187669603,218.9302248928099
2020-08-15,320.8422305640835,270.65283000463717
2020-08-16,185.337832472059,201.2594330890721
2020-08-17,214.6308319225412,150.37358749987794
2020-08-18,156.82789990814985,160.90254843181836
2020-08-19,201.4646493018257,204.40612530286214
2020-08-20,247.78025017951703,169.54700146609736
2020-08-21,293.29268104441167,253.51060078397757
2020-08-22,197.54580811281957,210.7115917570961
2020-08-23,202.29267799661017,353.73032750132154
2020-08-24,128.63554851306725,149.11427024314338
2020-08-25,228.8667039727546,247.18165893549005
2020-08-26,184.87927940702184,181.60234882471656
2020-08-27,212.52802863169632,214.32993298086606
2020-08-28,196.1569610916206,247.0709736670272
2020-08-29,236.28687228737215,124.73143125628566
2020-08-30,154.11358043216842,253.84130583940137
2020-08-31,169.64773773045047,338.1453731137084
2020-09-01,350.4623556014149,221.32808508157035
2020-09-02,180.62887093629845,257.9903928402755
2020-09-03,191.16072107726802,297.24608465626994
2020-09-04,338.8456764160657,238.80232499865016
2020-09-05,393.25335846202034,218.95199057342583
2020-09-06,190.4216685587329,135.2131798139124
2020-09-07,231.58755216059848,282.04953596974866
2020-09-08,268.07777754702545,245.34157951355513
2020-09-09,338.43488222027963,201.36580743059193
2020-09-10,203.65714607858814,259.3298355138847
2020-09-11,241.73610770289451,224.81598215969092
2020-09-12,293.8668788030872,228.57869344422372
2020-09-13,277.73830372333094,286.3145578054354
2020-09-14,238.19219643849505,190.08087943380778
2020-09-15,251.30885177419793,310.3657643036879
2020-09-16,190.2552095815009,189.11569184407983
2020-09-17,248.09131280126672,226.8649295822368
2020-09-18,247.68062549955224,357.14730970332886
2020-09-19,273.6084944813128,318.3677380821211
2020-09-20,235.2336390590492,267.880199624772
2020-09-21,287.57692612725697,216.97348922493916
2020-09-22,315.6357908909914,238.53638466500533
2020-09-23,273.77146638342333,269.6637657292848
2020-09-24,284.58782041996017,268.8761616169799
2020-09-25,270.65776737889337,263.45645351870184
2020-09-26,269.0042196545707,267.4583742957908
2020-09-27,233.92209832285764,259.2812445147443
2020-09-28,286.8247130836654,198.90106321799936
2020-09-29,267.1356700793255,246.17446289195837
2020-09-30,377.6584154465297,318.7312026993423
2020-10-01,352.66774512376213,205.58328512244412
2020-10-02,294.29232762782505,265.52222442303605
2020-10-03,237.84713951526163,235.0123035614578
2020-10-04,221.37942640082912,282.56752146990556
2020-10-05,337.55714765444327,258.5683409466591
2020-10-06,292.1374612573569,352.86968324873345
2020-10-07,304.00717016958055,305.3291577095127
2020-10-08,193.77070065129038,215.40984171113945
2020-10-09,328.37192407790906,315.5614005806849
2020-10-10,305.72101691071816,244.26740718689683
2020-10-11,228.4784657792761,255.15018143112331
2020-10-12,261.42375962750253,300.6909510053561
2020-10-13,299.18586021782596,261.41262901349324
2020-10-14,289.6233399178122,331.6427908161478
2020-10-15,273.39144070982223,249.27449692433024
2020-10-16,283.82558659670195,258.0526723704318
2020-10-17,277.40113108965573,257.18145532259456
2020-10-18,298.62812560512344,262.7180625822481
2020-10-19,365.57459864965784,346.9595777773906
2020-10-20,164.66707795343513,324.43981468051516
2020-10-21,282.1574867745158,379.4971977006036
2020-10-22,303.82562106862235,408.38221019496274
2020-10-23,310.79969948435496,244.464148403383
2020-10-24,278.4042709339355,300.52095636636443
2020-10-25,210.16391087607087,239.18998416782836
2020-10-26,315.3997741857055,260.11970361258665
2020-10-27,386.36751070820924,268.49587448721655
2020-10-28,224.3069297541931,248.1422562930863
2020-10-29,345.1914006849094,249.4056363550793
2020-10-30,286.5737388438553,295.78578107398727
2020-10-31,300.93378270855766,243.16407908067964
2020-11-01,252.35507446480256,347.1063479568816
2020-11-02,289.2771913822062,260.1123231291243
2020-11-03,372.00222973494795,447.4784485048196
2020-11-04,337.13276209938533,285.4307774517802
2020-11-05,395.6155802704972,312.6008820958526
2020-11-06,368.8705944488847,245.23294077669823
2020-11-07,332.9543339464788,396.304587906382
2020-11-08,399.1967263083896,367.97503404014583
2020-11-09,334.94965793691495,327.8457935368056
2020-11-10,355.3994088398529,246.6598725610217
2020-11-11,300.1714523232646,325.533343886231
2020-11-12,319.32729079296024,259.9284476991372
2020-11-13,282.12880883498616,390.11776317366804
2020-11-14,367.4791967297426,358.45973659265866
2020-11-15,260.08481884425674,323.7719519243868
2020-11-16,359.11751712088306,198.18121683763388
2020-11-17,311.467447124742,271.8292010670485
2020-11-18,380.562354673366,356.38805657999364
2020-11-19,360.543449436563,383.6441845861578
2020-11-20,415.0323078823401,379.45849057460657
2020-11-21,361.53873455693224,245.39934988792723
2020-11-22,247.39798721733797,341.0776153406452
2020-11-23,323.65234135508996,377.77576082414646
2020-11-24,269.3996403702592,245.08322172088774
2020-11-25,303.08600788168627,328.6047742313382
2020-11-26,405.5614216638361,343.69211991542284
2020-11-27,362.8766905448848,315.96177075766326
2020-11-28,297.05347857106267,239.39190722993993
2020-11-29,282.3141316779801,316.71509449631355
2020-11-30,335.639104643813,317.6347284872488
2020-12-01,274.1719925309436,327.5963797726123
2020-12-02,302.44298613017094,307.8264287287465
2020-12-03,352.6004735775622,314.84939233792664
2020-12-04,395.7656018053348,336.0146858826511
2020-12-05,369.43807361122197,361.12273024848554
2020-12-06,225.435524570095,324.77866185716664
2020-12-07,356.218336451513,320.5175535815999
2020-12-08,345.6016786616289,346.6177019127229
2020-12-09,363.69451426863463,246.95420370524093
2020-12-10,424.8104840825604,367.8517563613229
2020-12-11,241.83808615976287,344.9718451438521
2020-12-12,316.44482874044473,347.9846763298781
2020-12-13,376.54531613966776,395.0367153797232
2020-12-14,268.92028002730285,250.3592234975876
2020-12-15,422.79745240267545,250.3083065070518
2020-12-16,368.41783063503294,363.690192266176
2020-12-17,393.3291992921702,350.6441572435742
2020-12-18,323.4528169239103,360.5088471595966
2020-12-19,393.68818449831053,329.8936462413777
2020-12-20,407.4235777994519,387.21768371199653
2020-12-21,366.6439010068584,401.631942149556
2020-12-22,367.7200446349348,380.19911469757636
2020-12-23,370.5171619640863,343.95857707977086
2020-12-24,314.83273676303094,252.61553061927987
2020-12-25,351.6235659879824,397.4618104018564
2020-12-26,352.37387337738204,421.08643331087967
2020-12-27,380.16969321767476,393.227920599199
2020-12-28,411.9912123455147,318.0178786316247
2020-12-29,310.07319590107954,396.6897196833879
2020-12-30,357.7495484840211,407.0264853980723
2020-12-31,439.07277738294863,442.9408123899543
2021-01-01,328.8205885593718,322.1945037886021
2021-01-02,325.887499135484,355.67727077279307
2021-01-03,378.1153095915597,405.3636025571728
2021-01-04,411.219259524266,371.8705035719079
2021-01-05,370.571302778033,314.13361989743623
2021-01-06,437.44802952184943,391.7308142513352
2021-01-07,414.83969912832634,400.93308169075834
2021-01-08,415.09100334450306,377.3981448165501
2021-01-09,401.7058250662047,384.9792463589972
2021-01-10,491.3826550173043,362.0647049157135
2021-01-11,365.7419155566978,449.913946785803
2021-01-12,276.8238853966743,331.9653908143662
2021-01-13,458.2127180758571,348.63396186181103
2021-01-14,356.1150284521587,379.5492756763763
2021-01-15,385.39402221715164,423.94770138504464
2021-01-16,446.47753424302635,306.13134149527315
2021-01-17,301.88702294705377,316.48516251172805
2021-01-18,320.417639294693,281.1135746132641
2021-01-19,303.9361031440573,385.6347612626635
2021-01-20,345.2931854987288,329.0847091396728
2021-01-21,407.98183030084965,366.77249449910414
2021-01-22,413.20939214063856,420.0689094945854
2021-01-23,401.81370896642767,355.9228639608577
2021-01-24,318.3617058053817,400.5641011371682
2021-01-25,274.4948281683678,375.0331046124139
2021-01-26,393.7176792695191,424.60571575482186
2021-01-27,368.4111983180832,415.7564033674004
2021-01-28,415.9692885858306,358.4033151912695
2021-01-29,429.0976813110635,385.56741232997734
2021-01-30,401.9120716029341,447.1871698860247
2021-01-31,434.00665426879266,415.6688435127048
2021-02-01,408.4605687057534,327.1518971124434
2021-02-02,424.50323528007334,430.78090305856915
2021-02-03,363.76633685650586,344.7694688781881
2021-02-04,391.01942930842705,470.62565349805027
2021-02-05,410.83880483284787,452.20494199205126
2021-02-06,443.02642377087096,416.49427379592004
2021-02-07,383.3129413887714,410.86164217180965
2021-02-08,430.05836278660564,393.548387198629
2021-02-09,391.70806040423105,438.9261975700014
2021-02-10,400.1228916335935,387.4610915268969
2021-02-11,448.47595210120363,418.7784935319947
2021-02-12,308.3469814472922,451.5967183259726
2021-02-13,344.176383596262,380.90967282372054
2021-02-14,335.89073012785894,379.19036300046525
2021-02-15,294.31919400758477,351.28172596377703
2021-02-16,378.0867779922412,358.7763626936914
2021-02-17,450.47169498638704,321.5802344279249
2021-02-18,399.75579668087124,450.4914394507765
2021-02-19,424.8895040970926,505.44572710413854
2021-02-20,470.46087483553964,487.2664471735153
2021-02-21,483.3843066133846,335.6957755686742
2021-02-22,414.543103263693,454.24273357781
2021-02-23,486.67929447846984,490.1053174961778
2021-02-24,424.6063329217055,397.1595009630668
2021-02-25,379.1300888086269,426.0723715325025
2021-02-26,392.27998239006325,321.60534745976645
2021-02-27,348.97317437174917,436.3368083988321
2021-02-28,379.5933073133174,370.8220135282641
2021-03-01,407.09916559627857,434.9817508955757
2021-03-02,466.1792509689301,347.939853890556
2021-03-03,513.0384915582991,454.1429112238798
2021-03-04,358.890924231148,479.2256337713345
2021-03-05,448.64137341299596,389.84100691424163
2021-03-06,377.9728030421233,373.1538709294783
2021-03-07,454.7348544231601,323.19884787250095
2021-03-08,425.44566746561367,418.67932329624114
2021-03-09,341.45470870762347,403.9203032859198
2021-03-10,480.4148495784242,356.44902938259725
2021-03-11,404.7499643595635,457.6509378156086
2021-03-12,409.3049880813223,413.50148090676754
2021-03-13,383.5123794355155,383.2132020677384
2021-03-14,405.28583616562224,410.27137971797765
2021-03-15,460.3945220347459,492.5652269464808
2021-03-16,430.5377829531797,470.1468471877611
2021-03-17,457.43310011412404,434.49869692507554
2021-03-18,460.09609269644216,472.9552509232426
2021-03-19,509.0330827764084,384.95440218066307
2021-03-20,426.860692456781,445.6185050363515
2021-03-21,371.1571091577134,452.3661165243235
2021-03-22,499.36112082859916,422.50817457506366
2021-03-23,430.42559139513725,468.7729167978709
2021-03-24,503.72962222886883,408.97832726777744
2021-03-25,468.16885565912355,474.49103538880587
2021-03-26,443.4431234898328,477.5929385765646
2021-03-27,468.43879470231474,305.1420059651467
2021-03-28,549.550628006315,511.5152851755059
2021-03-29,556.8490264526877,300.61837173236233
2021-03-30,457.46905675663896,423.19754872219374
2021-03-31,463.0095296658538,506.26740171288776
2021-04-01,509.81200787331926,440.13566373737797
2021-04-02,414.71694836163266,383.6907008765229
2021-04-03,474.65351863091274,403.31314691416645
2021-04-04,457.7068576023072,510.345287316031
2021-04-05,475.6954105728777,363.92477347256806
2021-04-06,419.3315597025297,517.4495550481008
2021-04-07,382.5216253345516,459.2448950478855
2021-04-08,359.35082820043544,403.38023347787833
2021-04-09,408.13079435051964,434.84424638486547
2021-04-10,442.06623575303337,414.1387829449179
2021-04-11,451.3404206675619,509.31126004292645
2021-04-12,563.8615581214758,503.6213904881419
2021-04-13,523.2996684953649,382.04194330619765
2021-04-14,420.89544418291865,448.8203940740333
2021-04-15,487.3854226225478,426.8407168827861
2021-04-16,450.64608818248377,535.6754984229685
2021-04-17,457.7818080979952,404.4950440936789
2021-04-18,482.2662824707691,553.2114552342507
2021-04-19,504.95855584876966,472.3352630241531
2021-04-20,458.03707580579925,416.90327968099564
2021-04-21,529.192576636718,442.1362907995361
2021-04-22,419.9030886928798,436.9190579615775
2021-04-23,478.3169531181134,414.2690798992247
2021-04-24,608.8836863297915,483.74134298651876
2021-04-25,491.15398713126376,418.6042224654078
2021-04-26,552.6607253303087,371.9816895630905
2021-04-27,486.5760089086604,463.01617645759137
2021-04-28,512.0388547664899,392.8571901791059
2021-04-29,481.16084028036545,446.39195659662397
2021-04-30,476.4796209417898,439.5448555698322
2021-05-01,447.025880163729,442.43919639870927
2021-05-02,508.51506794787764,587.0481550795076
2021-05-03,445.4231405407116,490.82057835847854
2021-05-04,522.2792618156715,501.2685504497666
2021-05-05,544.2643502222955,401.18008518288525
2021-05-06,509.3265703618615,458.3018433181539
2021-05-07,477.6875633222154,502.7651314970756
2021-05-08,515.6982789654348,441.7735543543497
2021-05-09,478.5663472226794,539.4031421758992
2021-05-10,541.7773562732575,434.86517070494847
2021-05-11,404.42969578924385,481.6816932067412
2021-05-12,480.21963159406766,467.69741800122205
2021-05-13,398.45940024380013,506.2160329690958
2021-05-14,424.24695848863973,466.9754964072287
2021-05-15,568.1931114906955,486.4553186464531
2021-05-16,545.7592490985843,489.19349541110074
2021-05-17,466.0259883357605,465.280612130435
2021-05-18,427.87482719795514,527.2546934248556
2021-05-19,355.77355810791744,515.9194187418713
2021-05-20,477.82522460336827,500.5693027373416
2021-05-21,627.0207506123701,484.4770833269021
2021-05-22,528.7442135731824,546.8272015259998
2021-05-23,480.02138569752555,496.20828780929094
2021-05-24,532.2540104750153,493.66513560870317
2021-05-25,431.95208235027786,515.2345014944063
2021-05-26,496.1338318651182,595.8293341485426
2021-05-27,516.9738736507869,444.9821895989398
2021-05-28,508.69496740894755,551.4928446527678
2021-05-29,553.540306084504,419.34144193809476
2021-05-30,532.2322613118026,525.8636579114312
2021-05-31,549.4163009053998,594.7541413804365
2021-06-01,482.581385888462,541.4334262233654
2021-06-02,562.8907704205274,526.5312539269896
2021-06-03,600.4468473811996,490.97752655984624
2021-06-04,471.4925240174294,521.5523600244277
2021-06-05,476.61521721427204,508.39685922983216
2021-06-06,588.7892168160116,482.7011696034322
2021-06-07,513.432800665247,508.5062192262565
2021-06-08,594.1910696033278,533.9190580313219
2021-06-09,502.8732144053908,486.639146573468
2021-06-10,598.7522788135356,485.6859089657658
2021-06-11,533.5742908402726,458.98782812039127
2021-06-12,540.9114411661348,547.5362513044448
2021-06-13,607.2359010834953,556.266163098353
2021-06-14,511.91147612779145,541.5830222118259
2021-06-15,483.9438952037521,579.2585246364333
2021-06-16,509.57178959858226,536.3933818540364
2021-06-17,555.6166975321569,552.6005468682879
2021-06-18,455.71204639097425,549.1918712818781
2021-06-19,566.873545132556,530.4229990290896
2021-06-20,509.06143411911285,509.45890859351766
2021-06-21,594.3906330366782,647.7076307895956
2021-06-22,418.2869847549764,515.4024510073245
2021-06-23,499.6717112447916,505.7061144439782
2021-06-24,455.6765924382949,561.7004911725054
2021-06-25,499.6885266818024,553.5927207647503
2021-06-26,554.3832950554472,471.7604226194836
2021-06-27,534.0386687275122,599.1339127281869
2021-06-28,531.3311215525993,539.2902712324583
2021-06-29,537.0407564309969,489.453445239214
2021-06-30,556.1694120309971,605.4392057176937
2021-07-01,496.57319790284464,578.2837785798077
2021-07-02,583.3424820449526,484.7729004026043
2021-07-03,582.1332985192741,637.8591420128862
2021-07-04,569.251896882805,582.9398684183096
2021-07-05,578.8266721375632,550.4901942187477
2021-07-06,566.820900040433,631.510940281089
2021-07-07,654.7536651365533,560.964889191482
2021-07-08,549.6452914473745,552.5958462447984
2021-07-09,539.6458390832712,521.9849941989005
2021-07-10,518.3236209821312,585.092521965354
2021-07-11,505.38686647110814,580.830148366199
2021-07-12,495.7764106199462,558.7340069944855
2021-07-13,514.5601343384541,519.5006823066199
2021-07-14,556.4659809173965,566.4964927083037
2021-07-15,577.7147564248858,557.5100607118931
2021-07-16,564.5571029276081,495.32628406328996
2021-07-17,524.7232361285144,489.4093824337907
2021-07-18,609.0092282009982,592.2576689404884
2021-07-19,601.9706336150474,434.90558424741556
2021-07-20,558.0175846288992,576.270526348063
2021-07-21,534.3541927667644,543.0958471123088
2021-07-22,595.42139604149,633.4123303439956
2021-07-23,578.3986793743052,544.3265895423062
2021-07-24,497.5936370292476,602.9742107125948
2021-07-25,567.6009872007797,551.1543079381104
2021-07-26,585.101790603719,577.6874076743072
2021-07-27,528.0152606756124,609.8418265460026
2021-07-28,583.4921696418721,550.872214183771
2021-07-29,502.25887573711054,624.8277442249203
2021-07-30,642.8093050006086,526.3151061446758
2021-07-31,639.3974992529716,591.729642127919
2021-08-01,565.3741332848517,624.1319861393927
2021-08-02,597.1727168919537,612.0018745895168
2021-08-03,459.50390171000623,675.8222438367706
2021-08-04,523.1826169867334,542.828034134467
2021-08-05,567.3110539923935,513.0425374325706
2021-08-06,529.393348928657,533.283244575244
2021-08-07,619.719824131533,617.0221283274218
2021-08-08,684.8648265373997,609.896146713469
2021-08-09,527.1692640285349,591.1128329823708
2021-08-10,545.1268297957404,530.8521475446435
2021-08-11,599.7724184154965,626.343364666453
2021-08-12,669.555807424981,527.764761117473
2021-08-13,528.8812843730049,647.947479118845
2021-08-14,603.4518061153472,733.8719211569933
2021-08-15,683.0649425406555,610.3225573285775
2021-08-16,510.41204259103665,622.1554067828872
2021-08-17,529.9465396577084,569.357011555222
2021-08-18,573.8196696769581,504.48933394565915
2021-08-19,569.9705793572294,565.8640318484889
2021-08-20,637.6300643876822,542.3552379450625
2021-08-21,610.0829859910419,525.6497711792492
2021-08-22,510.2518970178936,685.1179970997824
2021-08-23,625.7705201450406,613.6431259012886
2021-08-24,572.1230556322175,619.9843790306992
2021-08-25,665.722360847062,586.5488817401875
2021-08-26,571.620623178154,594.3564458778282
2021-08-27,572.1692358448882,652.2275341119666
2021-08-28,632.0565805402266,603.3831440652392
2021-08-29,644.1463241168468,632.5346969012367
2021-08-30,629.4049681968102,597.1997851077492
2021-08-31,523.7201341307596,590.8923554633976
2021-09-01,635.9017219964126,538.654291719907
2021-09-02,558.28459741628,511.1125468816436
2021-09-03,622.7638055794132,597.9219049466799
2021-09-04,540.813278230047,614.8248345996616
2021-09-05,635.3161073771532,548.6934981645604
2021-09-06,573.6700547846314,612.2762567482683
2021-09-07,550.8682674869739,617.6876281495252
2021-09-08,651.69100682412,508.19959969703103
2021-09-09,629.0822260838376,571.2437670260249
2021-09-10,587.3011599303552,638.3631946867735
2021-09-11,691.5589424510532,638.3529364697872
2021-09-12,597.9673789215129,562.3162541800119
2021-09-13,622.6053836985467,628.9224025249868
2021-09-14,635.4456723839301,673.1203612680237
2021-09-15,592.0167032935693,661.8536479495449
2021-09-16,647.5568146699965,619.2357106493033
2021-09-17,598.3273826417637,601.6011843337853
2021-09-18,605.4180838891896,594.5327757832748
2021-09-19,695.1321319901671,650.3909891454829
2021-09-20,575.9706973743783,637.7551986571444
2021-09-21,508.3609834535255,660.47020030511
2021-09-22,710.5468497505947,636.5936906560576
2021-09-23,758.4663976303501,671.9381975173721
2021-09-24,611.7365367275335,636.729626647885
2021-09-25,536.1580979689908,672.2344358065843
2021-09-26,618.4758011902028,677.541138518332
2021-09-27,620.6888525079665,594.7736684887593
2021-09-28,626.5038079488871,545.5927976564627
2021-09-29,581.3305979039076,714.1746428007277
2021-09-30,666.9780571238239,650.832936535613
2021-10-01,665.2253687643043,553.2757052251939
2021-10-02,565.2797190090347,604.3090251390645
2021-10-03,675.9598365847444,679.5937146184914
2021-10-04,744.6342490972945,628.0161584433554
2021-10-05,651.598016621853,617.3969290340436
2021-10-06,627.1337418965747,714.0440930156483
2021-10-07,637.899839279624,592.6356426808095
2021-10-08,676.7628383484281,606.0923321122583
2021-10-09,560.4664197246391,657.5693237524134
2021-10-10,656.2195351488651,667.5227466026942
2021-10-11,629.4768025268595,673.8171517170366
2021-10-12,742.3912506478023,695.5619022284474
2021-10-13,642.2913633097521,660.9289310340758
2021-10-14,735.394380555976,676.4691969469204
2021-10-15,597.8129651108997,640.0395370342459
2021-10-16,683.3629583401396,657.1349151618357
2021-10-17,670.9700131895614,660.3767090026818
2021-10-18,612.5476376067609,666.7549067909518
2021-10-19,665.869805731847,695.6269903791381
2021-10-20,718.62594184158,685.7572840972416
2021-10-21,642.81041478567,661.2108501450092
2021-10-22,575.4018675415118,619.543700752948
2021-10-23,660.1218586761277,664.3835629031355
2021-10-24,616.8788452603744,660.5991107552128
2021-10-25,645.8829530668058,672.65907899066
2021-10-26,659.920611515744,774.3262653570201
2021-10-27,579.7173891992242,638.8113610729382
2021-10-28,585.2170830339661,687.114450956268
2021-10-29,691.1033417762762,720.4231033622149
2021-10-30,641.864065191516,672.9000957049691
2021-10-31,540.7627829089716,785.8922559586083
2021-11-01,709.2422018304068,651.0980354134261
2021-11-02,684.618487763712,687.2044611160023
2021-11-03,636.3062587981758,632.0597127553509
2021-11-04,607.158489447088,655.4237632428353
2021-11-05,715.7903948157168,686.4466955198329
2021-11-06,692.4675311280215,717.3152031153865
2021-11-07,795.1301141342037,691.9547417011787
2021-11-08,698.0094299362469,739.9557424667368
2021-11-09,697.3851570631008,673.2517344703664
2021-11-10,670.6536034945717,662.3915735080498
2021-11-11,720.8387933600395,815.1992553639693
2021-11-12,712.2542600624076,700.7118824721016
2021-11-13,744.5862504282597,646.0259227010727
2021-11-14,656.9338540681358,648.2868118875965
2021-11-15,662.2296263528019,636.866004273433
2021-11-16,661.044841454401,731.8284677928394
2021-11-17,725.5400860589494,667.7811353553379
2021-11-18,761.9187220148366,693.3681237828242
2021-11-19,665.057975342535,684.8245662780865
2021-11-20,667.7613136103454,725.5746203970467
2021-11-21,705.70386119349,647.662795355799
2021-11-22,678.7119249993549,637.2213856928493
2021-11-23,739.6026826569945,703.2148653590797
2021-11-24,580.4111354690476,723.0479642349949
2021-11-25,652.6647476541552,710.626615654882
2021-11-26,655.8791833019277,654.5273135451337
2021-11-27,579.9821993806928,729.8742421045697
2021-11-28,648.8180777815599,659.8069536452183
2021-11-29,652.2421942077037,671.9230677606809
2021-11-30,688.9447672740584,651.8023237639
2021-12-01,755.6482945830132,765.0579174326016
2021-12-02,688.7469674404649,732.6710770513674
2021-12-03,650.4593139864423,732.2496687839437
2021-12-04,700.1522729393236,765.3605710571226
2021-12-05,756.4586810720675,844.6324624119361
2021-12-06,656.2020591942547,619.5386948044923
2021-12-07,660.4712558039275,669.0811709561445
2021-12-08,734.9274479637112,676.1912457912738
2021-12-09,696.92319421346,665.4590188808654
2021-12-10,741.3742345354738,655.1208376198143
2021-12-11,709.3176604102351,695.0173467972318
2021-12-12,746.0831824044783,650.1698142355298
2021-12-13,660.2460942979679,728.7521183768706
2021-12-14,712.3957674605866,715.5849160714307
2021-12-15,703.4654992818422,738.0514332381828
2021-12-16,654.2054537947935,740.3864225819126
2021-12-17,637.8261026065655,746.1503426713339
2021-12-18,751.2874517637331,698.3295531588059
2021-12-19,700.452380889101,824.0571701316834
2021-12-20,667.8859859176335,730.7215558241049
2021-12-21,715.1910531538334,626.8757623687602
2021-12-22,777.4009428674651,670.8812127116892
2021-12-23,607.9631077314039,634.9748505486092
2021-12-24,648.1680655048336,723.8667314575654
2021-12-25,677.8556779052366,717.9097387973334
2021-12-26,798.0589433360165,701.5787151050271
2021-12-27,740.1293491459649,826.5463056200257
2021-12-28,765.3658620230614,754.4491437038455
2021-12-29,670.9919540436885,764.3049180723167
2021-12-30,673.0232062364737,682.4463256028948
2021-12-31,752.3906858361355,680.0427554334494
2022-01-01,733.9137165467723,732.8402749548477
2022-01-02,759.4369409432063,740.6503569826112
2022-01-03,723.6164504535774,640.1844216442771
2022-01-04,747.9071863227314,724.9846488575233
2022-01-05,742.9059542452554,735.7036041436752
2022-01-06,774.8883694542462,725.2425417114436
2022-01-07,777.3504140972235,696.3304793826662
2022-01-08,657.0064002804115,711.023240903943
2022-01-09,626.6365722329572,730.1570403213602
2022-01-10,790.0872698825754,744.5400011805024
2022-01-11,800.3862546630968,771.2395791275284
2022-01-12,690.9688490243332,796.0428102475436
2022-01-13,650.0082296727186,728.2826138236375
2022-01-14,748.95174105036,721.1921901942321
2022-01-15,791.5419113175265,766.8827836767153
2022-01-16,835.8797261217157,776.5422458205427
2022-01-17,772.8148786050725,725.2899783370557
2022-01-18,729.4141651707153,787.5196738483086
2022-01-19,704.3434689207569,797.9792670577987
2022-01-20,750.5725645835328,814.5843232829336
2022-01-21,736.0367648057372,839.9160453359912
2022-01-22,701.2466047135592,708.6791930670281
2022-01-23,855.4377825431643,753.6949104666255
2022-01-24,843.2584201036066,754.563884830933
2022-01-25,811.8024341777714,750.0963215733747
2022-01-26,709.9574801095437,723.5368540194931
2022-01-27,799.750966214864,682.7218998384465
2022-01-28,789.9813204748951,762.6339723014502
2022-01-29,781.1272812102027,720.5822170226044
2022-01-30,822.4832633521888,764.2996740373812
2022-01-31,792.7685571430638,721.2978229150573
2022-02-01,799.0007118152167,707.017082707783
2022-02-02,794.8453141686105,774.7149180188449
2022-02-03,781.0395704001053,771.5460763403248
2022-02-04,675.8194435142908,793.9640985660467
2022-02-05,770.1810538705279,875.2931883208812
2022-02-06,739.1904020575438,780.8644765605424
2022-02-07,704.007952117999,792.2540883532065
2022-02-08,853.0908309650412,715.1219335566337
2022-02-09,856.4497670442852,705.6546279731813
2022-02-10,838.9610300147806,850.1414723386667
2022-02-11,784.7606708427937,725.8260110033348
2022-02-12,840.5312560476328,720.8027964265679
2022-02-13,774.6026590300913,772.0450539391724
2022-02-14,785.139863844889,770.4903793311306
2022-02-15,721.3264314769009,730.8746746778354
2022-02-16,796.849565224942,761.751339064345
2022-02-17,781.0192964212208,839.4687858825052
2022-02-18,713.8673941582767,738.7003195584101
2022-02-19,777.4401444091701,710.3163757816915
2022-02-20,777.0135218071596,828.1296810449896
2022-02-21,871.8780583322321,806.6148455969019
2022-02-22,827.7106664256705,751.974068967567
2022-02-23,784.5722719545734,704.8916491936541
2022-02-24,797.4393654900541,747.7688321780719
2022-02-25,788.2106189052099,783.2647781575364
2022-02-26,776.8543007602226,845.283604494191
2022-02-27,733.8786401305856,736.1709012565171
2022-02-28,781.4474061196536,784.7740059244263
2022-03-01,752.6950871673744,823.7572329947449
2022-03-02,728.4842230538427,671.9366329939039
2022-03-03,817.5610907273767,843.689308396945
2022-03-04,812.5632329966618,733.8774713896781
2022-03-05,704.6646244315962,810.5997746728467
2022-03-06,788.8657681252437,807.3341574805372
2022-03-07,845.7850692949962,850.2293195731922
2022-03-08,849.9611869448161,824.5462190446771
2022-03-09,849.291842144262,679.1354754135009
2022-03-10,800.945660345073,759.7610376422004
2022-03-11,757.7477336015424,806.910256467664
2022-03-12,746.815058632097,791.2510056940107
2022-03-13,819.2302452375179,825.8805364878385
2022-03-14,821.9640017182581,842.4683277834853
2022-03-15,868.3665555802532,834.422586821484
2022-03-16,859.9989825171042,794.2862528722767
2022-03-17,799.3885671734414,713.6831494439759
2022-03-18,744.7897060569566,784.2259375572592
2022-03-19,792.0446701494551,828.8184074069478
2022-03-20,819.8615597405262,754.4776373724761
2022-03-21,799.8958377305298,841.5637365060788
2022-03-22,782.1052945961172,856.4196648633653
2022-03-23,824.6442407484949,818.3433488147921
2022-03-24,787.8021129294694,659.8110066843802
2022-03-25,782.5966958137313,750.0955818644098
2022-03-26,830.5726417151719,909.309457927804
2022-03-27,795.9003709935398,788.6731103485811
2022-03-28,829.2052194489177,717.7928388435502
2022-03-29,831.6602011426062,879.7623694155136
2022-03-30,762.0285499454212,819.6677795771836
2022-03-31,795.9379438067294,875.2470244478862
2022-04-01,892.8888469958231,834.8479337609683
2022-04-02,763.8960243632856,844.9279568106084
2022-04-03,717.1672775514735,841.1504623857259
2022-04-04,730.9077423378744,858.87441559605
2022-04-05,826.4554973288334,938.871522427805
2022-04-06,827.5458639016349,874.5503167979595
2022-04-07,821.119457228744,747.9830341077233
2022-04-08,888.7094914464251,850.3330757639452
2022-04-09,695.3582783448531,886.0740384051609
2022-04-10,849.7966937215411,890.1350403268073
2022-04-11,909.0719100901787,809.6697508470451
2022-04-12,775.6109617554143,890.2472222594064
2022-04-13,814.0096744105052,879.3871199775602
2022-04-14,796.3554041385689,962.6258718484864
2022-04-15,790.2826976961236,797.4999131875744
2022-04-16,819.686899748848,810.6299711799787
2022-04-17,908.3742641842252,821.6940475770023
2022-04-18,929.8693337743761,813.4888924980612
2022-04-19,822.2030387479927,794.4989625118199
2022-04-20,935.2530107032235,701.8662247163129
2022-04-21,842.7788238492312,819.2650263138432
2022-04-22,929.684551335054,860.4679029849952
2022-04-23,838.3350675173255,818.3389077247044
2022-04-24,850.5528913023072,940.7690591764555
2022-04-25,863.2737236321417,845.6687906357931
2022-04-26,1004.9426839683767,910.5514527592068
2022-04-27,889.5642787422395,860.0710206364984
2022-04-28,812.6367735024269,889.3203654946628
2022-04-29,897.4498935137929,862.9620776966781
2022-04-30,831.9083731457829,918.4392315951782
2022-05-01,826.5124908549395,853.79696750662
2022-05-02,897.4300679946056,876.8060354044393
2022-05-03,854.5542793885577,871.3166466825022
2022-05-04,867.9287957255902,839.5857270936341
2022-05-05,855.6992610932646,875.2491159462338
2022-05-06,872.8291563302718,967.7193123098841
2022-05-07,878.2482948718075,843.4801528952279
2022-05-08,761.1516533647292,878.9732446426624
2022-05-09,892.3286334304767,921.8889475434721
2022-05-10,810.899029008485,917.012664047214
2022-05-11,788.8850432220295,861.5858208859682
2022-05-12,859.0794378070659,742.8305648521319
2022-05-13,867.1990501657227,888.8351409324233
2022-05-14,829.3246917713859,753.0262870688474
2022-05-15,906.5515928833987,938.4968615470616
2022-05-16,798.8912416814546,874.473693559663
2022-05-17,846.652812561372,916.9837009935994
2022-05-18,838.75629325335,822.8944430909474
2022-05-19,866.670636483033,791.3746263349973
2022-05-20,883.9432142323619,883.0377192070583
2022-05-21,820.6053525188228,869.3198280021929
2022-05-22,908.2141338728114,847.4229586921417
2022-05-23,876.150118416735,877.2330640366382
2022-05-24,779.4026873344045,1012.371794601613
2022-05-25,777.0704279801485,916.7262773684529
2022-05-26,875.3840353535344,928.4749302931659
2022-05-27,865.9516341106823,919.1968445776678
2022-05-28,872.8289943212683,951.9731071926096
2022-05-29,877.6008771734892,869.4964163549628
2022-05-30,891.277991975509,777.2619346162353
2022-05-31,928.382480492415,871.5706933496995
2022-06-01,826.4447549541221,922.586785499825
2022-06-02,824.4014203549602,834.5099802442463
2022-06-03,829.3338071056309,875.1817024755335
2022-06-04,899.4458333584354,850.4115128498844
2022-06-05,948.2473689323223,961.1014625921565
2022-06-06,865.4330280880245,924.4728507703281
2022-06-07,762.9150077920173,920.577031032198
2022-06-08,803.8003568694812,920.0800656560485
2022-06-09,848.3481638601994,888.1375373723937
2022-06-10,863.1135556252393,900.8778141263751
2022-06-11,871.5805686372637,832.7407709733841
2022-06-12,894.9290561490459,783.6779010624716
2022-06-13,878.4126834588776,901.5040565172512
2022-06-14,947.4669805271703,911.1995128136073
2022-06-15,862.1991347159316,956.4632284212689
2022-06-16,853.8841020262229,975.5667908041183
2022-06-17,921.9437769260231,976.4999242499473
2022-06-18,822.2178965036941,849.0988203353061
2022-06-19,919.4845852660001,882.3867482525116
2022-06-20,906.1276591863134,925.016714794069
2022-06-21,894.6278755040917,1028.5952338871089
2022-06-22,982.4138053574632,977.0049601856958
2022-06-23,872.8896277352641,959.9698580999191
2022-06-24,1008.014908526204,885.6106022225355
2022-06-25,894.728427538595,861.8400184422437
2022-06-26,843.1491777514887,946.445394169162
2022-06-27,911.4959790497412,852.966936788282
2022-06-28,855.1877399840616,897.0781824509849
2022-06-29,872.412207609325,904.2611025499039
2022-06-30,930.8516650007746,990.6456044561404
2022-07-01,939.7791044325062,894.2651348520161
2022-07-02,881.8916149872871,791.0375180713693
2022-07-03,963.37025725232,939.2222323831235
2022-07-04,972.8753879010567,880.0489073448036
2022-07-05,987.8150878281646,918.1315512218873
2022-07-06,943.4706703562861,912.6647649578938
2022-07-07,986.171435604285,904.3148002091116
2022-07-08,824.9600786012971,958.5170290892352
2022-07-09,904.1046725685769,843.3567560823647
2022-07-10,877.6497371838287,895.149288752282
2022-07-11,927.9612930563696,956.2018956558691
2022-07-12,894.4275390401631,892.2957612327816
2022-07-13,915.6921079025134,843.5596645365014
2022-07-14,1019.1087440102025,958.4277671628367
2022-07-15,917.514010178981,982.154731522077
2022-07-16,947.6896158595107,924.7502396178497
2022-07-17,916.3865335037882,829.9577200765234
2022-07-18,932.7856643978416,964.2984873349408
2022-07-19,930.3008340218036,847.0056059290156
2022-07-20,953.4162032986579,946.4399638424082
2022-07-21,990.2653767773588,887.626808762892
2022-07-22,1015.3696998801664,875.0080357116517
2022-07-23,949.4810040954584,911.9044991460155
2022-07-24,964.4773443017801,925.835122178637
2022-07-25,878.4567745407217,903.7895874806776
2022-07-26,932.606162879219,966.4351639107575
2022-07-27,985.0144732441795,915.6965310770584
2022-07-28,982.2984319208576,988.009543583591
2022-07-29,950.5804866397525,954.058658282174
2022-07-30,985.3196979783976,906.1221396701847
2022-07-31,966.538335449691,898.7030058083857
2022-08-01,1003.0153129129661,860.6251850476281
2022-08-02,958.4679578478556,958.5366588933412
2022-08-03,927.2150842214483,927.2706226374321
2022-08-04,962.7920628466512,827.3902235968243
2022-08-05,800.4702812073613,920.21425636153
2022-08-06,967.1442868192524,902.9482985372524
2022-08-07,766.5793587392608,1027.783879608533
2022-08-08,863.8268296297291,864.8610694053345
2022-08-09,973.5884300470492,878.9324600132973
2022-08-10,975.8764668633397,1007.498482155285
2022-08-11,894.8785609930035,1020.8381578731982
2022-08-12,918.3948979060531,916.750853063718
2022-08-13,1023.5270494307066,923.3957088595545
2022-08-14,931.7984934213662,986.8117698276657
2022-08-15,1069.1460156201492,840.6450101527345
2022-08-16,957.9040073411827,864.9403157747222
2022-08-17,979.4018088440633,944.9633299574645
2022-08-18,1040.8437199249304,1037.4945283064562
2022-08-19,967.551355809671,939.213495591663
2022-08-20,911.88280096546,967.0468395867578
2022-08-21,957.5136274152854,1019.6894636282007
2022-08-22,962.2194631904955,1069.3442366639074
2022-08-23,896.7629173899218,936.1575763425843
2022-08-24,953.2083964329588,965.1581638133287
2022-08-25,929.8903953001281,1058.1027610671422
2022-08-26,1014.2178878593717,891.8900362404286
2022-08-27,970.7305937092627,1020.3790535276911
2022-08-28,955.8602125426215,919.0842233819371
2022-08-29,965.6909034688712,976.1236183551579
2022-08-30,983.1561009203083,959.8690476299863
2022-08-31,1003.840709984489,925.0994199649385
2022-09-01,924.0143885665309,924.8449036170863
2022-09-02,922.9206183689364,988.8207182126878
2022-09-03,1031.2339607701265,1025.776966408134
2022-09-04,956.3831563897635,970.5131898405748
2022-09-05,907.1578953701563,981.5056579366608
2022-09-06,1001.1906354691553,1007.5587033145523
2022-09-07,1003.1684903016344,931.419061349352
2022-09-08,904.4642371371647,1017.9846254206461
2022-09-09,993.4740857731803,1022.9671548529874
2022-09-10,1019.7791546214187,1113.1813149375205
2022-09-11,1002.7193225853132,965.1947904720209
2022-09-12,1016.5990741880697,962.0959099165937
2022-09-13,915.7865450954625,1024.4482935786873
2022-09-14,1003.5520077498098,1027.955208445607
2022-09-15,972.8690120264777,961.2456423311644
2022-09-16,964.8604920637678,968.8418661534976
2022-09-17,1033.5277804709863,1017.0565419109021
2022-09-18,1064.9637255337116,949.6207879632669
2022-09-19,1081.718502730018,971.4733005992492
2022-09-20,1058.7403935752952,997.4796383684218
2022-09-21,988.5132909184908,1043.796934241113
2022-09-22,1012.6360081513171,964.7700691910229
2022-09-23,1034.3411435892122,903.8807768984664
2022-09-24,1003.0588974649731,901.1701266240894
2022-09-25,1004.5382093955773,935.0293466646933
2022-09-26,1040.1876565938092,933.3416140900031
2022-09-27,997.0358676987034,992.2694620690046
2022-09-28,964.5356531813169,941.5559923201198
2022-09-29,981.276346708207,966.8622520089398
2022-09-30,1034.695518886687,964.2957057508975
2022-10-01,1004.1496645599977,981.9746069576004
2022-10-02,1022.0104988434169,1071.1252165761562
2022-10-03,1039.5039621101096,1039.0973794715258
2022-10-04,988.2579268551195,1007.8064707638002
2022-10-05,1045.8124081814904,984.9486859709581
2022-10-06,1027.9421301729196,987.3383671688489
2022-10-07,948.259345654426,1026.3873234975974
2022-10-08,1083.1152395593122,1040.2084536676145
2022-10-09,986.9627628121542,966.61912469497
2022-10-10,930.2452328407408,1014.8240377807116
2022-10-11,961.7478145206849,912.4190215668486
2022-10-12,963.9477419660839,1025.5856892085299
2022-10-13,1018.6086659328766,1054.1074620979343
2022-10-14,1003.3074747226881,1002.9965686559563
2022-10-15,1001.1584016179704,1108.8263498070053
2022-10-16,1049.9850982741239,974.9380776281974
2022-10-17,1036.9937680596352,1030.8720207651631
2022-10-18,1036.8023935322144,1019.2087626667022
2022-10-19,1042.4914228664347,1016.9851166278296
2022-10-20,1053.8067334001119,1017.2838915997626
2022-10-21,918.6023329111279,1029.3552515004735
2022-10-22,1006.778087386777,1067.397937173185
2022-10-23,916.9894967755263,1094.8868118137373
2022-10-24,1028.8029963398897,1026.8874877747921
2022-10-25,1027.7683513887828,1068.7658036085816
2022-10-26,1081.276613739484,993.9116526866609
2022-10-27,1089.381719636056,1068.2977726363117
2022-10-28,1041.1387524126183,992.9004238086504
2022-10-29,1006.981946130155,1086.5329968044066
2022-10-30,1057.258055627287,1143.532043869662
2022-10-31,1007.6041181337844,1027.8958056014303
2022-11-01,1034.9303674278326,925.3728254596296
2022-11-02,1085.3068158480385,1008.5963533377588
2022-11-03,1009.1114327005288,1098.5937567144651
2022-11-04,1078.283931962125,1065.6538393512621
2022-11-05,1072.8700684346152,1051.4456799337515
2022-11-06,992.2604091434589,1090.4334177977419
2022-11-07,1089.6947064108701,1065.2226719624211
2022-11-08,1076.9283172685753,1102.8862593725569
2022-11-09,1048.096294368633,1088.9711838323492
2022-11-10,1005.8838270986174,1120.085022636848
2022-11-11,1002.0396990712215,1062.9398041953127
2022-11-12,1019.1168711548489,1091.2629700746977
2022-11-13,1074.129723164598,1031.6436463457107
2022-11-14,1000.2187416299302,1017.9269594220497
2022-11-15,1070.8756124309934,1134.3383820209488
2022-11-16,987.9122235560803,1060.8102338161343
2022-11-17,1040.7965707780575,1091.2440282931188
2022-11-18,1057.4823877287004,1058.1870007205696
2022-11-19,1175.2565072529458,1023.6742174540018
2022-11-20,985.1342172239816,1054.54914462912
2022-11-21,1128.6007283245067,1126.7997008883858
2022-11-22,1063.492120699364,1083.7620037139711
2022-11-23,1077.558595900798,971.4263420134771
2022-11-24,1063.9173956694103,1047.2377771711922
2022-11-25,1081.2363409097616,1148.1146896352357
2022-11-26,1052.3157447818992,1049.3101569075022
2022-11-27,1133.702509072873,970.9760654132909
2022-11-28,1039.1764427887638,1156.6524442711273
2022-11-29,1119.6117286089625,1097.1196254906397
2022-11-30,1031.7816439893488,1060.49935705936
2022-12-01,1061.9874076799356,1046.4291131958967
2022-12-02,1012.401872385489,1120.1175964895867
2022-12-03,1089.751186017376,1039.9008299886905
2022-12-04,1140.2562978463268,1125.4128212257995
2022-12-05,1065.1321910089573,1096.1097642862128
2022-12-06,1060.1557150648046,1082.2340962743674
2022-12-07,1015.2691518466037,1078.2757402667798
2022-12-08,1060.5353673223847,1063.2515981642912
2022-12-09,993.3602870139237,1125.2820060104632
2022-12-10,1028.3561006640587,1030.7328583949084
2022-12-11,1086.3393023054568,993.9037436584895
2022-12-12,1141.9506598870698,1106.7220061446237
2022-12-13,1217.4605430614752,1108.5619164033574
2022-12-14,1048.670745746455,1102.0120576255883
2022-12-15,1150.765007832272,1099.386418480902
2022-12-16,1092.1876240200825,1063.9729810831227
2022-12-17,1073.4376176626813,1120.3741352192762
2022-12-18,1103.6297225863077,1079.722093662273
2022-12-19,1086.095824183998,1058.644321959241
2022-12-20,1089.519786280611,1068.4054343872301
2022-12-21,1064.5833418586665,1186.0319849387915
2022-12-22,1016.0945170100574,999.2511958977284
2022-12-23,1009.8187398738959,1111.98940521479
2022-12-24,1120.6622441640613,1004.0444786188141
2022-12-25,1075.1649954957143,1083.5883330838512
2022-12-26,1060.1955550171917,1068.3186257422906
2022-12-27,1091.4252813361577,986.7485851660061
2022-12-28,1131.7466126457814,1111.4518795216882
2022-12-29,1102.01819715132,1073.9980968903901
2022-12-30,1061.1972531679517,989.0396828719378
2022-12-31,1156.3146477824475,1136.9784045387125
2023-01-01,1174.9592751490816,1167.7503088994467
2023-01-02,1121.7278327661427,1171.5062171148286
2023-01-03,1146.6831755672044,1115.9478220325736
2023-01-04,1161.0979998406906,1101.3029069288557
2023-01-05,1156.5049658202256,1166.4078310447899
2023-01-06,1131.7049588556313,1185.119179267005
2023-01-07,1131.917352353744,1158.6784351437811
2023-01-08,1128.983028667325,1055.92311988851
2023-01-09,1049.1331162726478,1114.0672426607462
2023-01-10,1140.0361578429793,1126.9758072145714
2023-01-11,1038.2093014436723,1015.5191515541385
2023-01-12,1067.2700272437473,1130.4680329810387
2023-01-13,1173.1782533904043,1221.6495912989694
2023-01-14,1151.01100813471,1140.9968082900396
2023-01-15,1184.369914484293,1183.670654072088
2023-01-16,1097.4162808156354,1120.1457365064352
2023-01-17,1054.3875579361616,1108.339083800809
2023-01-18,1100.978140146483,1132.0635695040487
2023-01-19,1119.1015648620287,1073.2086676007784
2023-01-20,1118.9494358170004,1066.8112406382807
2023-01-21,1172.684023937835,1179.3152278584682
2023-01-22,1098.9364787498278,1185.617117143326
2023-01-23,1135.6017235901463,1068.4446842206326
2023-01-24,1069.5686425282697,1167.3999402276932
2023-01-25,1142.5158639021906,1115.652001219699
2023-01-26,1121.155427509282,1137.9904287245215
2023-01-27,1084.5093330857742,1145.0109319717533
2023-01-28,1111.2085318912573,1172.7175234062158
2023-01-29,1114.791212674239,1128.1359100931595
2023-01-30,1111.4922435331453,1195.5080997650969
2023-01-31,1214.5670621133843,1141.4706419879963
2023-02-01,1122.077699884606,1158.2092136234767
2023-02-02,1115.805194491133,1086.3368704231377
2023-02-03,1024.127452119493,1236.9329505352416
2023-02-04,1085.2896324010262,1153.4912461602482
2023-02-05,1117.8463287771824,1166.6498712672549
2023-02-06,1097.707366191168,1051.5907094394229
2023-02-07,1202.0853796688898,1091.864898846045
2023-02-08,1125.753111230189,1195.8941843959365
2023-02-09,1199.4222124659127,1149.3445559146303
2023-02-10,1139.0852317025185,1040.3110132585537
2023-02-11,1138.8613918210788,1188.914496449191
2023-02-12,1133.5601776143749,1110.8108597823639
2023-02-13,1139.189812581073,1209.5658492938355
2023-02-14,1225.939750152493,1135.608216069815
2023-02-15,1025.0194636624392,1151.2353343010266
2023-02-16,1041.922712778066,1200.9477289295824
2023-02-17,1115.8414584471943,1098.1253514572668
2023-02-18,1144.7263940968785,1094.357659608303
2023-02-19,1179.5052212382006,1135.1750789800947
2023-02-20,1169.6543599013737,1187.358639981061
2023-02-21,1127.7877043559715,1080.4561373693255
2023-02-22,1198.952184662088,1064.5982700055451
2023-02-23,1200.5097701576365,1190.1860463521896
2023-02-24,1159.2028915635783,1119.85108437165
2023-02-25,1199.132878624342,1131.3886993539859
2023-02-26,1165.6322631716064,1059.1594799029917
2023-02-27,1124.9258486608558,1119.051034282401
2023-02-28,1188.8908419500003,1153.6216351684425
2023-03-01,1160.530656128934,1201.5188928811447
2023-03-02,1156.0669923377243,1117.438491688268
2023-03-03,1230.6476786094788,1239.8688060116249
2023-03-04,1035.4563935729957,1123.77219879101
2023-03-05,1088.1157914920216,1124.8454099207413
2023-03-06,1100.6464786812815,1236.8678775948902
2023-03-07,1142.8369676215598,1171.5730076181958
2023-03-08,1149.2695915116985,1134.3987635494211
2023-03-09,1087.6337176113477,1155.2433434409704
2023-03-10,1114.7420983844586,1231.653678877103
2023-03-11,1121.9579160738215,1238.3101409812841
2023-03-12,1288.8712046037947,1125.1603410364871
2023-03-13,1257.0870973873573,1164.8783094960445
2023-03-14,1147.4125291157675,1172.5078413833787
2023-03-15,1150.8208354846602,1119.6879944741702
2023-03-16,1112.5398001405854,1167.2157473675002
2023-03-17,1075.5934793387366,1171.266143022585
2023-03-18,1166.1559906795737,1229.0104739468368
2023-03-19,1123.1074008377987,1233.37125141556
2023-03-20,1169.7574734168995,1157.5395300820496
2023-03-21,1094.9897075478261,1164.3023428069594
2023-03-22,1137.9012770844872,1209.2146151027819
2023-03-23,1184.4313547651416,1147.7405775536495
2023-03-24,1196.3104798891968,1207.4320075868702
2023-03-25,1199.8735979371008,1174.6046756315393
2023-03-26,1113.9755507921482,1131.530071113069
2023-03-27,1223.734286506778,1133.1581643560178
2023-03-28,1141.9894151699075,1254.3529348015552
2023-03-29,1214.6428957303654,1175.178926042835
2023-03-30,1183.4680661690904,1266.0177046949157
2023-03-31,1116.1806250461027,1159.3181869642544
2023-04-01,1170.1901147709407,1200.5602600565746
2023-04-02,1205.2681871031884,1306.633836150912
2023-04-03,1218.6482690237299,1135.130662766836
2023-04-04,1181.950605127779,1094.109275005011
2023-04-05,1266.5889445300527,1254.3295065643617
2023-04-06,1241.375538549328,1149.6595447303464
2023-04-07,1179.1672941800123,1190.9646817946882
2023-04-08,1230.5060906068472,1163.7040894774207
2023-04-09,1290.6896742594095,1207.4081390477659
2023-04-10,1293.0242300391515,1147.473189640713
2023-04-11,1134.600005958875,1187.0029956058347
2023-04-12,1150.6733444421425,1219.4907663278268
2023-04-13,1272.2459393366926,1147.5845556862869
2023-04-14,1146.0859474581182,1163.9957985177055
2023-04-15,1133.872943335416,1182.6308583200735
2023-04-16,1176.6902934650477,1129.559228288686
2023-04-17,1223.0113354737293,1180.8719508600627
2023-04-18,1197.880164669445,1208.939826995145
2023-04-19,1171.4718189797204,1184.0225529205786
2023-04-20,1171.2893769137745,1191.4311753534137
2023-04-21,1170.3831467793646,1205.0049164546708
2023-04-22,1163.0245185670528,1174.2128268783842
2023-04-23,1322.081643863803,1242.553128293344
2023-04-24,1223.8755535592777,1280.7989062400889
2023-04-25,1254.337952720237,1186.7809803902276
2023-04-26,1186.5461265940537,1235.2599115738853
2023-04-27,1202.7021661406975,1200.0191422282676
2023-04-28,1177.3223009314822,1231.2743672519252
2023-04-29,1081.4145832540398,1292.2889765601626
2023-04-30,1146.0995361576067,1240.432977150905
2023-05-01,1125.4690660009803,1127.329273059516
2023-05-02,1104.5108111024197,1239.699781572348
2023-05-03,1158.232051285095,1279.6431871654504
2023-05-04,1285.2477839690816,1207.920191500095
2023-05-05,1217.7781916147824,1269.7817403058916
2023-05-06,1285.5281881160588,1186.4942229424028
2023-05-07,1242.5491288450437,1147.7230420238864
2023-05-08,1262.127941285758,1230.058450941632
2023-05-09,1178.9551502347713,1136.1761639626843
2023-05-10,1251.1975477096335,1213.0114493553203
2023-05-11,1262.4357117037173,1290.3421131322752
2023-05-12,1198.1676353883154,1131.511854712686
2023-05-13,1255.9770185308082,1164.0251602043052
2023-05-14,1257.3093879287417,1177.3983877419212
2023-05-15,1202.5223689434958,1226.834007014452
2023-05-16,1174.8615783864502,1212.7141607176895
2023-05-17,1172.7935834050863,1301.9568190848045
2023-05-18,1237.325277096073,1280.717416454585
2023-05-19,1250.3504934394657,1258.76364730343
2023-05-20,1195.3737084771042,1242.2815157171942
2023-05-21,1237.329267066305,1255.6614888492413
2023-05-22,1265.5268518069242,1193.9008822343312
2023-05-23,1268.909535733265,1280.8605176778306
2023-05-24,1316.5940060061243,1183.3977872820399
2023-05-25,1303.849041609902,1281.7688496951116
2023-05-26,1190.9354283621728,1300.3071251059416
2023-05-27,1326.179310476901,1252.5432301044043
2023-05-28,1216.4511747722142,1234.1893470519012
2023-05-29,1296.2436406227214,1264.0154954154837
2023-05-30,1248.3993313025544,1101.9240814949662
2023-05-31,1225.3925310771517,1261.1129109242731
2023-06-01,1156.6151570112534,1241.3323001080096
2023-06-02,1239.4217744891826,1245.4685943471504
2023-06-03,1171.0308382347196,1284.3266256448915
2023-06-04,1298.3649617921387,1246.2615539217636
2023-06-05,1326.8396328569625,1193.9896571674421
2023-06-06,1212.1544505351656,1244.929866458731
2023-06-07,1268.0985371259635,1256.3777742040413
2023-06-08,1217.7304238996012,1259.7466955790505
2023-06-09,1223.5757634931606,1263.0959683642534
2023-06-10,1294.7247351932685,1307.9684522459277
2023-06-11,1255.0730869078293,1202.6982723482927
2023-06-12,1344.9824020965507,1266.7850228082425
2023-06-13,1234.888376064854,1323.496484930912
2023-06-14,1309.9668166237245,1173.2694251531402
2023-06-15,1265.870670647889,1269.9823340390026
2023-06-16,1301.7889004872115,1232.731074901348
2023-06-17,1240.6421171335028,1244.4644807763448
2023-06-18,1261.522058122421,1218.7596248392788
2023-06-19,1259.2250560350533,1256.5224642149778
2023-06-20,1224.1971442577105,1358.0627807213452
2023-06-21,1300.1040767290876,1203.7784819411393
2023-06-22,1300.512450278918,1209.5194998760587
2023-06-23,1298.6777347452783,1203.9032714918249
2023-06-24,1346.8482826958823,1356.370914331405
2023-06-25,1343.4672400618151,1247.8830147239357
2023-06-26,1253.2527655075432,1270.7180469826162
2023-06-27,1291.652615921709,1252.860852944688
2023-06-28,1242.8199655370893,1226.7788560798454
2023-06-29,1276.1677658057279,1263.2424676692783
2023-06-30,1246.0125275440569,1398.912180286828
2023-07-01,1358.0035154568025,1346.6035460487128
2023-07-02,1296.184907517148,1235.3531091103864
2023-07-03,1268.098543594779,1311.3787051530842
2023-07-04,1339.6809285928189,1238.4238613666812
2023-07-05,1172.4692295102295,1192.1816180576889
2023-07-06,1181.2948702567355,1332.9755458832315
2023-07-07,1322.7919327609886,1341.0046423321776
2023-07-08,1287.0234224058684,1336.302612552395
2023-07-09,1297.522315013038,1261.5067375390213
2023-07-10,1219.6801948340726,1277.6612132999007
2023-07-11,1285.8383144574816,1324.488277682906
2023-07-12,1388.1754705200672,1307.5748018674053
2023-07-13,1330.2099809897932,1269.3181264351479
2023-07-14,1298.4853272571406,1209.0464089940917
2023-07-15,1269.047304494753,1296.6937597071005
2023-07-16,1272.2713574065303,1345.9504819618057
2023-07-17,1186.540105539999,1233.1205855482922
2023-07-18,1306.882021046058,1325.9379690837989
2023-07-19,1337.2741554240927,1311.5770847566846
2023-07-20,1217.2190336414692,1333.5074131616166
2023-07-21,1263.9291553846592,1340.5987749859503
2023-07-22,1240.1267683883289,1263.2767379037323
2023-07-23,1250.7324402595618,1218.1520299917527
2023-07-24,1302.674081341095,1273.3240237158561
2023-07-25,1196.7798922505763,1345.4563658763504
2023-07-26,1332.713521917853,1274.8998048237015
2023-07-27,1340.6927534966842,1268.297833807118
2023-07-28,1291.4448705981545,1212.932482903768
2023-07-29,1180.9645745007729,1392.632377727547
2023-07-30,1256.1790686998804,1347.2856820712655
2023-07-31,1368.6450967051348,1345.4947990637381
2023-08-01,1169.1002859635714,1356.3862693389738
2023-08-02,1291.623829390324,1337.83541807717
2023-08-03,1250.999961076637,1297.7835572410236
2023-08-04,1351.2285150792418,1302.81179479389
2023-08-05,1278.244302392827,1290.6217817703937
2023-08-06,1333.1977010367805,1444.73703772075
2023-08-07,1342.2730209584547,1341.7956015649722
2023-08-08,1406.811291986501,1291.8099779324282
2023-08-09,1305.8529028162316,1339.274838708314
2023-08-10,1335.8022184811305,1266.456554107184
2023-08-11,1243.7472260436282,1393.2253359294614
2023-08-12,1378.5206781646873,1285.946545209643
2023-08-13,1281.9745575964319,1345.0542716311234
2023-08-14,1292.9622917956128,1374.2988814871567
2023-08-15,1320.8876102575396,1341.2384272102497
2023-08-16,1244.8557827330076,1327.7234995909819
2023-08-17,1335.438501446447,1324.5401042428007
2023-08-18,1373.3733136462506,1322.1779451556447
2023-08-19,1340.6466911748646,1297.165075553625
2023-08-20,1247.5551217910638,1304.5258285115149
2023-08-21,1321.809535283517,1401.9795186825468
2023-08-22,1366.1014451489746,1323.5731683657423
2023-08-23,1236.1005617017047,1290.7101865308614
2023-08-24,1277.2616993091142,1305.1851201569245
2023-08-25,1375.827180204076,1387.0185340348612
2023-08-26,1346.5047717098644,1366.780331658224
2023-08-27,1354.5985791063376,1362.0164589116127
2023-08-28,1427.9747403811655,1322.1239400545105
2023-08-29,1359.42763892531,1364.6681235086473
2023-08-30,1369.894400521659,1304.8219437524676
2023-08-31,1473.5372763609164,1325.0192984327114
2023-09-01,1328.3097720954754,1387.4902243695872
2023-09-02,1300.1058618190752,1383.7138839459533
2023-09-03,1362.3898199123566,1291.9045077024598
2023-09-04,1363.9495514694447,1299.2236773545712
2023-09-05,1316.6642304026896,1348.4351076406706
2023-09-06,1292.3801490222577,1430.3066187334755
2023-09-07,1460.4922211045039,1249.2217417765503
2023-09-08,1362.342173519401,1359.9166469785253
2023-09-09,1310.3857309298962,1278.1978334213427
2023-09-10,1393.79651511398,1316.2834503237227
2023-09-11,1343.5427424219333,1330.778579096788
2023-09-12,1337.3559276841083,1328.9745828281555
2023-09-13,1379.1136435957246,1324.3102030170396
2023-09-14,1287.4058865884156,1352.3603530188186
2023-09-15,1370.6313601958586,1326.2372216684712
2023-09-16,1449.6477403865877,1280.8771307572924
2023-09-17,1378.3088831098655,1393.9934806261388
2023-09-18,1337.1893948108268,1393.643608357444
2023-09-19,1331.644735978588,1399.1587155011334
2023-09-20,1337.4830013327446,1280.963275186796
2023-09-21,1346.3018660976109,1373.9459076292076
2023-09-22,1341.1096733620864,1393.7989427903462
2023-09-23,1406.8155720537284,1309.4398965780208
2023-09-24,1275.3395448395509,1362.4586624091064
2023-09-25,1406.1000025206067,1357.1866677344817
2023-09-26,1345.015673742872,1456.107532928413
2023-09-27,1383.8473892847687,1461.2248018506286
2023-09-28,1309.6506044899568,1282.78218033349
2023-09-29,1433.4315533424717,1491.6963502863994
2023-09-30,1430.2817480085937,1322.2387139423338
2023-10-01,1416.9795262875036,1418.0336647163713
2023-10-02,1294.262261210323,1418.5248990431865
2023-10-03,1412.4560535533026,1321.2154886579096
2023-10-04,1392.2427543817855,1396.663389691955
2023-10-05,1292.7364376433716,1367.6233127866967
2023-10-06,1372.785130811459,1401.7165002316196
2023-10-07,1393.2267244516631,1386.5336151190313
2023-10-08,1403.8037636911577,1435.8169742685122
2023-10-09,1385.8630683474428,1380.7699771573032
2023-10-10,1392.561570842369,1369.6062965286844
2023-10-11,1452.6805696126548,1433.803211652859
2023-10-12,1441.301695495534,1409.0197982429302
2023-10-13,1237.6472523108628,1417.5906697160444
2023-10-14,1366.128072258116,1348.7706663870702
2023-10-15,1374.7674486228025,1330.7368609300763
2023-10-16,1296.3950713636514,1355.613892837365
2023-10-17,1389.7091529116155,1353.9589307159706
2023-10-18,1448.4378886205254,1425.3099634326456
2023-10-19,1332.6716070204704,1435.7992025147025
2023-10-20,1404.8200469344936,1380.24348552338
2023-10-21,1343.208826135178,1460.5459509412176
2023-10-22,1356.404398816016,1458.4234696882565
2023-10-23,1464.8696817085017,1403.169945820027
2023-10-24,1364.8721089944088,1350.905411422848
2023-10-25,1416.1106244505313,1471.768832471777
2023-10-26,1300.4390941969507,1390.9491324485796
2023-10-27,1488.115878069744,1401.3082598215487
2023-10-28,1426.1326223153249,1379.0197487196715
2023-10-29,1387.8750078674868,1352.5104836851401
2023-10-30,1426.7773254999947,1324.5680284842354
2023-10-31,1328.5090285526094,1430.6434161778643
2023-11-01,1459.1265370876329,1360.829947305169
2023-11-02,1384.8007612251786,1553.9765614498413
2023-11-03,1391.7965242475782,1347.696320869376
2023-11-04,1378.4172192517258,1340.1308762509316
2023-11-05,1374.9674298627208,1429.5069357806722
2023-11-06,1439.7335305814204,1481.4656739483648
2023-11-07,1418.7953425052112,1409.229482847161
2023-11-08,1439.587407070152,1435.6121210093638
2023-11-09,1407.5602655257214,1315.8226291270646
2023-11-10,1434.659990553859,1375.1244227154116
2023-11-11,1389.0575628037482,1356.3192135431216
2023-11-12,1522.4865920704774,1316.2477075026059
2023-11-13,1333.603479178475,1417.8490117011943
2023-11-14,1476.0468661781492,1300.8586189194784
2023-11-15,1482.3953725360486,1347.8902016956276
2023-11-16,1372.3920597017204,1388.140310299329
2023-11-17,1527.4636805277987,1374.4357082024462
2023-11-18,1466.774514147266,1436.8204251103534
2023-11-19,1466.5569503411457,1433.279009595124
2023-11-20,1420.4011093512938,1463.6899372967728
2023-11-21,1409.1386920890661,1457.619186635634
2023-11-22,1410.5295586480197,1478.040639468069
2023-11-23,1441.526529815976,1421.9040799995473
2023-11-24,1493.0593137516948,1438.1733450408335
2023-11-25,1433.065710893071,1449.5756850959597
2023-11-26,1379.4278188431356,1432.0828348695513
2023-11-27,1467.221353119249,1406.1402845041464
2023-11-28,1473.0575373197396,1410.3778732830115
2023-11-29,1460.7329764223894,1387.1220800835017
2023-11-30,1466.274945326249,1450.0808414954915
2023-12-01,1416.4535934921096,1425.2992412957421
2023-12-02,1384.550541643471,1397.8413124681617
2023-12-03,1388.590328467961,1398.8877590337704
2023-12-04,1351.226837577107,1372.4800636108605
2023-12-05,1445.8474305772975,1482.94206706186
2023-12-06,1430.8275608386703,1438.9308834765893
2023-12-07,1414.0006147735146,1392.8599990213365
2023-12-08,1289.2190587827465,1477.4273874801008
2023-12-09,1375.6341265152917,1409.9775595102813
2023-12-10,1495.0420325701584,1368.6749686493883
2023-12-11,1406.7686999968435,1491.0611144609566
2023-12-12,1459.029583882842,1414.1451505216944
2023-12-13,1372.4657285012372,1421.5550454895606
2023-12-14,1514.9352741179616,1445.059001017459
2023-12-15,1436.7986169972662,1501.1294611395058
2023-12-16,1459.5020198241768,1446.0018645433156
2023-12-17,1562.2889895940843,1386.0441436927385
2023-12-18,1522.8220050294701,1474.1938502056091
2023-12-19,1432.671718935647,1423.7505137869139
2023-12-20,1419.338990756482,1543.3961985764734
2023-12-21,1433.7227494240235,1449.9440139001056
2023-12-22,1476.4949124238267,1339.2482251050667
2023-12-23,1446.7387932874565,1469.8682486077837
2023-12-24,1433.2377927498264,1550.2298896130114
2023-12-25,1527.359062535452,1532.7960144272695
2023-12-26,1449.2895054111082,1546.5477144378283
2023-12-27,1570.979454651866,1405.0119907309268
2023-12-28,1461.5371281876087,1502.6076197988389
2023-12-29,1547.2659197112364,1421.9002730131645
2023-12-30,1476.8659711355313,1470.2144699708463
2023-12-31,1508.1480286624724,1396.3523785630134
2024-01-01,1424.7694474241139,1428.7772117558643
