date,value,mobile_subs,literacy
2005-01-01,0.011140428306022465,0.4,0.8
2006-01-01,0.011027282853985184,0.4305555555555556,0.8083333333333333
2007-01-01,0.012484421143982093,0.46111111111111114,0.8166666666666667
2008-01-01,0.015713071350818866,0.4916666666666667,0.8250000000000001
2009-01-01,0.015473053653296199,0.5222222222222223,0.8333333333333334
2010-01-01,0.015229693082516546,0.5527777777777778,0.8416666666666667
2011-01-01,0.018609605803227448,0.5833333333333333,0.85
2012-01-01,0.020413229825737133,0.6138888888888889,0.8583333333333334
2013-01-01,0.019767978502695734,0.6444444444444444,0.8666666666666667
2014-01-01,0.021137895078185608,0.675,0.875
2015-01-01,0.020514723800483376,0.7055555555555555,0.8833333333333333
2016-01-01,0.17126872701936746,0.7361111111111112,0.8916666666666666
2017-01-01,0.173441693162145,0.7666666666666666,0.9
2018-01-01,0.17131429744245302,0.7972222222222222,0.9083333333333333
2019-01-01,0.1695537185838177,0.8277777777777777,0.9166666666666666
2020-01-01,0.3698753507765192,0.8583333333333333,0.9249999999999999
2021-01-01,0.36929358554413655,0.8888888888888888,0.9333333333333333
2022-01-01,0.3713701514227678,0.9194444444444444,0.9416666666666667
2023-01-01,0.37098718186203383,0.95,0.95
