date,value,mismanaged_share,mismanaged_waste,river_discharge
1980-01-01,70000000,,,
1981-01-01,72000000,,,
1982-01-01,73000000,,,
1983-01-01,80000000,,,
1984-01-01,86000000,,,
1985-01-01,90000000,,,
1986-01-01,96000000,,,
1987-01-01,104000000,,,
1988-01-01,110000000,,,
1989-01-01,114000000,,,
1990-01-01,120000000,,,
1991-01-01,124000000,,,
1992-01-01,132000000,,,42636.6451
1993-01-01,137000000,,,42787.1951
1994-01-01,151000000,,,42773.1951
1995-01-01,156000000,,,42773.1951
1996-01-01,168000000,,,42772.2951
1997-01-01,180000000,,,42773.1951
1998-01-01,188000000,,,42773.1951
1999-01-01,202000000,,,42773.1951
2000-01-01,213000000,25.733202,54811720.26,42773.1951
2001-01-01,218000000,25.752275,56139959.50000001,42773.1951
2002-01-01,231000000,25.770414,59529656.339999996,42773.1951
2003-01-01,241000000,25.755293,62070256.13,42773.1951
2004-01-01,256000000,25.72813,65864012.8,42770.1951
2005-01-01,263000000,25.659992,67485778.96,42770.1951
2006-01-01,280000000,25.58729,71644412.0,42778.6021
2007-01-01,295000000,25.491327,75199414.64999999,42778.6021
2008-01-01,281000000,25.317965,71143481.65,42778.6021
2009-01-01,288000000,25.156685,72451252.8,42778.6021
2010-01-01,313000000,25.0144,78295072.0,42778.6021
2011-01-01,325000000,24.82794,80690805.0,42778.6021
2012-01-01,338000000,24.589472,83112415.36,42808.6021
2013-01-01,352000000,24.309908,85570876.16,42808.6021
2014-01-01,367000000,24.086908,88398952.36,42808.6021
2015-01-01,381000000,23.779858,90601258.98,42808.6021
2016-01-01,400050000,23.323952,93307469.976,42808.6021
2017-01-01,420052500,22.896646,96177933.93915,42808.6021
2018-01-01,441055125,22.394943,98774043.84232876,42808.6021
2019-01-01,459746016,22.151478,101840537.59011649,42808.6021
