date,value,source,note
1980-01-01,3500,nasa_odpo_calibrated,Calibrated to NASA Orbital Debris Quarterly News (1980-2024)
1981-01-01,3680,nasa_odpo_calibrated,Calibrated to NASA Orbital Debris Quarterly News (1980-2024)
1982-01-01,3870,nasa_odpo_calibrated,Calibrated to NASA Orbital Debris Quarterly News (1980-2024)
1983-01-01,4070,nasa_odpo_calibrated,Calibrated to NASA Orbital Debris Quarterly News (1980-2024)
1984-01-01,4280,nasa_odpo_calibrated,Calibrated to NASA Orbital Debris Quarterly News (1980-2024)
1985-01-01,4500,nasa_odpo_calibrated,Calibrated to NASA Orbital Debris Quarterly News (1980-2024)
1986-01-01,4730,nasa_odpo_calibrated,Calibrated to NASA Orbital Debris Quarterly News (1980-2024)
1987-01-01,4970,nasa_odpo_calibrated,Calibrated to NASA Orbital Debris Quarterly News (1980-2024)
1988-01-01,5220,nasa_odpo_calibrated,Calibrated to NASA Orbital Debris Quarterly News (1980-2024)
1989-01-01,5480,nasa_odpo_calibrated,Calibrated to NASA Orbital Debris Quarterly News (1980-2024)
1990-01-01,5750,nasa_odpo_calibrated,Calibrated to NASA Orbital Debris Quarterly News (1980-2024)
1991-01-01,6030,nasa_odpo_calibrated,Calibrated to NASA Orbital Debris Quarterly News (1980-2024)
1992-01-01,6320,nasa_odpo_calibrated,Calibrated to NASA Orbital Debris Quarterly News (1980-2024)
1993-01-01,6620,nasa_odpo_calibrated,Calibrated to NASA Orbital Debris Quarterly News (1980-2024)
1994-01-01,6930,nasa_odpo_calibrated,Calibrated to NASA Orbital Debris Quarterly News (1980-2024)
1995-01-01,7250,nasa_odpo_calibrated,Calibrated to NASA Orbital Debris Quarterly News (1980-2024)
1996-01-01,7580,nasa_odpo_calibrated,Calibrated to NASA Orbital Debris Quarterly News (1980-2024)
1997-01-01,7920,nasa_odpo_calibrated,Calibrated to NASA Orbital Debris Quarterly News (1980-2024)
1998-01-01,8270,nasa_odpo_calibrated,Calibrated to NASA Orbital Debris Quarterly News (1980-2024)
1999-01-01,8630,nasa_odpo_calibrated,Calibrated to NASA Orbital Debris Quarterly News (1980-2024)
2000-01-01,9000,nasa_odpo_calibrated,Calibrated to NASA Orbital Debris Quarterly News (1980-2024)
2001-01-01,9380,nasa_odpo_calibrated,Calibrated to NASA Orbital Debris Quarterly News (1980-2024)
2002-01-01,9770,nasa_odpo_calibrated,Calibrated to NASA Orbital Debris Quarterly News (1980-2024)
2003-01-01,10170,nasa_odpo_calibrated,Calibrated to NASA Orbital Debris Quarterly News (1980-2024)
2004-01-01,10580,nasa_odpo_calibrated,Calibrated to NASA Orbital Debris Quarterly News (1980-2024)
2005-01-01,11000,nasa_odpo_calibrated,Calibrated to NASA Orbital Debris Quarterly News (1980-2024)
2006-01-01,11430,nasa_odpo_calibrated,Calibrated to NASA Orbital Debris Quarterly News (1980-2024)
2007-01-01,14500,nasa_odpo_calibrated,Calibrated to NASA Orbital Debris Quarterly News (1980-2024)
2008-01-01,15200,nasa_odpo_calibrated,Calibrated to NASA Orbital Debris Quarterly News (1980-2024)
2009-01-01,17200,nasa_odpo_calibrated,Calibrated to NASA Orbital Debris Quarterly News (1980-2024)
2010-01-01,18100,nasa_odpo_calibrated,Calibrated to NASA Orbital Debris Quarterly News (1980-2024)
2011-01-01,19000,nasa_odpo_calibrated,Calibrated to NASA Orbital Debris Quarterly News (1980-2024)
2012-01-01,19950,nasa_odpo_calibrated,Calibrated to NASA Orbital Debris Quarterly News (1980-2024)
2013-01-01,20950,nasa_odpo_calibrated,Calibrated to NASA Orbital Debris Quarterly News (1980-2024)
2014-01-01,22000,nasa_odpo_calibrated,Calibrated to NASA Orbital Debris Quarterly News (1980-2024)
2015-01-01,23100,nasa_odpo_calibrated,Calibrated to NASA Orbital Debris Quarterly News (1980-2024)
2016-01-01,24250,nasa_odpo_calibrated,Calibrated to NASA Orbital Debris Quarterly News (1980-2024)
2017-01-01,25450,nasa_odpo_calibrated,Calibrated to NASA Orbital Debris Quarterly News (1980-2024)
2018-01-01,26700,nasa_odpo_calibrated,Calibrated to NASA Orbital Debris Quarterly News (1980-2024)
2019-01-01,28000,nasa_odpo_calibrated,Calibrated to NASA Orbital Debris Quarterly News (1980-2024)
2020-01-01,29350,nasa_odpo_calibrated,Calibrated to NASA Orbital Debris Quarterly News (1980-2024)
2021-01-01,30850,nasa_odpo_calibrated,Calibrated to NASA Orbital Debris Quarterly News (1980-2024)
2022-01-01,32400,nasa_odpo_calibrated,Calibrated to NASA Orbital Debris Quarterly News (1980-2024)
2023-01-01,34000,nasa_odpo_calibrated,Calibrated to NASA Orbital Debris Quarterly News (1980-2024)
2024-01-01,35650,nasa_odpo_calibrated,Calibrated to NASA Orbital Debris Quarterly News (1980-2024)
