date,tavg,co2,tsi,ohc,aod
1990-01-01,6.1,353.86,680.8592249999999,,
1990-02-01,6.3,355.1,680.8592249999999,,
1990-03-01,10.14,355.75,680.8592249999999,,
1990-04-01,13.84,356.38,680.8592249999999,,
1990-05-01,18.14,357.38,680.8592249999999,,
1990-06-01,26.330000000000002,356.39,680.8592249999999,,
1990-07-01,26.53,354.89,680.8592249999999,,
1990-08-01,26.580000000000002,353.06,680.8592249999999,,
1990-09-01,23.69,351.38,680.8592249999999,,
1990-10-01,14.809999999999999,351.69,680.8592249999999,,
1990-11-01,11.709999999999999,353.14,680.8592249999999,,
1990-12-01,1.7599999999999998,354.41,680.8592249999999,,
1991-01-01,-0.19999999999999993,354.93,680.8592249999999,,
1991-02-01,7.57,355.82,680.8592249999999,,
1991-03-01,11.09,357.33,680.8592249999999,,
1991-04-01,16.03,358.77,680.8592249999999,,
1991-05-01,21.75,359.23,680.8592249999999,,
1991-06-01,25.419999999999998,358.23,680.8592249999999,,
1991-07-01,27.48,356.3,680.8592249999999,,
1991-08-01,26.35,353.97,680.8592249999999,,
1991-09-01,21.169999999999998,352.34,680.8592249999999,,
1991-10-01,16.22,352.43,680.8592249999999,,
1991-11-01,6.05,353.89,680.8592249999999,,
1991-12-01,5.55,355.21,680.8592249999999,,
1992-01-01,4.4799999999999995,356.34,680.8592249999999,,
1992-02-01,8.059999999999999,357.21,680.8592249999999,,
1992-03-01,10.809999999999999,357.97,680.8592249999999,,
1992-04-01,15.059999999999999,359.22,680.8592249999999,,
1992-05-01,18.24,359.71,680.8592249999999,,
1992-06-01,22.344444444444445,359.44,680.8592249999999,,
1992-07-01,26.089999999999996,357.15,680.8592249999999,,
1992-08-01,23.11,354.99,680.8592249999999,,
1992-09-01,21.25,353.01,680.8592249999999,,
1992-10-01,15.709999999999999,353.4,680.8592249999999,,
1992-11-01,6.970000000000001,354.42,680.8592249999999,,
1992-12-01,3.21,355.68,680.8592249999999,,
1993-01-01,1.17,357.1,680.8592249999999,,
1993-02-01,2.31,357.42,680.8592249999999,,
1993-03-01,7.57,358.59,680.8592249999999,,
1993-04-01,12.49,359.39,680.8592249999999,,
1993-05-01,18.419999999999998,360.3,680.8592249999999,,
1993-06-01,24.04,359.64,680.8592249999999,,
1993-07-01,28.07,357.45,680.8592249999999,,
1993-08-01,27.2,355.76,680.8592249999999,,
1993-09-01,20.044444444444444,354.14,680.8592249999999,,
1993-10-01,13.34,354.23,680.8592249999999,,
1993-11-01,6.11,355.53,680.8592249999999,,
1993-12-01,4.54,357.03,680.8592249999999,,
1994-01-01,0.5700000000000001,358.36,680.8592249999999,,
1994-02-01,2.9899999999999998,359.04,680.8592249999999,,
1994-03-01,10.64,360.11,680.8592249999999,,
1994-04-01,14.955555555555556,361.36,680.8592249999999,,
1994-05-01,19.05,361.78,680.8592249999999,,
1994-06-01,26.166666666666668,360.94,680.8592249999999,,
1994-07-01,25.660000000000004,359.51,680.8592249999999,,
1994-08-01,25.369999999999997,357.59,680.8592249999999,,
1994-09-01,20.93,355.86,680.8592249999999,,
1994-10-01,16.27,356.21,680.8592249999999,,
1994-11-01,10.129999999999999,357.65,680.8592249999999,,
1994-12-01,4.6125,359.1,680.8592249999999,,
1995-01-01,2.1888888888888887,360.04,680.8592249999999,,
1995-02-01,5.933333333333334,361.0,680.8592249999999,,
1995-03-01,9.65,361.98,680.8592249999999,,
1995-04-01,13.555555555555555,363.44,680.8592249999999,,
1995-05-01,17.57,363.83,680.8592249999999,,
1995-06-01,22.89,363.33,680.8592249999999,,
1995-07-01,26.8,361.78,680.8592249999999,,
1995-08-01,28.0,359.33,680.8592249999999,,
1995-09-01,20.514285714285712,358.32,680.8592249999999,,
1995-10-01,15.642857142857142,358.14,680.8592249999999,,
1995-11-01,7.585714285714286,359.61,680.8592249999999,,
1995-12-01,2.8,360.82,680.8592249999999,,
1996-01-01,0.6111111111111112,362.2,680.8592249999999,,
1996-02-01,5.24,363.36,680.8592249999999,,
1996-03-01,6.2,364.28,680.8592249999999,,
1996-04-01,14.05,364.69,680.8592249999999,,
1996-05-01,21.52,365.25,680.8592249999999,,
1996-06-01,24.933333333333334,365.06,680.8592249999999,,
1996-07-01,25.957142857142856,363.69,680.8592249999999,,
1996-08-01,25.166666666666668,361.55,680.8592249999999,,
1996-09-01,20.0,359.69,680.8592249999999,,
1996-10-01,15.288888888888888,359.72,680.8592249999999,,
1996-11-01,5.9125000000000005,361.04,680.8592249999999,,
1996-12-01,3.875,362.39,680.8592249999999,,
1997-01-01,0.6375,363.24,680.8592249999999,,
1997-02-01,5.455555555555556,364.21,680.8592249999999,,
1997-03-01,10.422222222222222,364.65,680.8592249999999,,
1997-04-01,12.066666666666666,366.49,680.8592249999999,,
1997-05-01,18.0,366.77,680.8592249999999,,
1997-06-01,23.225,365.73,680.8592249999999,,
1997-07-01,26.822222222222223,364.46,680.8592249999999,,
1997-08-01,24.8,362.4,680.8592249999999,,
1997-09-01,22.3,360.44,680.8592249999999,,
1997-10-01,15.844444444444443,360.97,680.8592249999999,,
1997-11-01,6.9625,362.65,680.8592249999999,,
1997-12-01,2.725,364.51,680.8592249999999,,
1998-01-01,3.5666666666666664,365.39,680.8592249999999,,
1998-02-01,6.300000000000001,366.1,680.8592249999999,,
1998-03-01,6.75,367.36,680.8592249999999,,
1998-04-01,13.55,368.79,680.8592249999999,,
1998-05-01,22.04,369.56,680.8592249999999,,
1998-06-01,25.75,369.13,680.8592249999999,,
1998-07-01,28.688888888888886,367.98,680.8592249999999,,
1998-08-01,27.3625,366.1,680.8592249999999,,
1998-09-01,25.677777777777777,364.16,680.8592249999999,,
1998-10-01,16.57,364.54,680.8592249999999,,
1998-11-01,10.88888888888889,365.67,680.8592249999999,,
1998-12-01,4.04,367.3,680.8592249999999,,
1999-01-01,2.844444444444444,368.35,680.8592249999999,,
1999-02-01,8.65,369.28,680.8592249999999,,
1999-03-01,8.2,369.84,680.8592249999999,,
1999-04-01,15.13,371.15,680.8592249999999,,
1999-05-01,19.1,371.12,680.8592249999999,,
1999-06-01,23.55,370.46,680.8592249999999,,
1999-07-01,27.860000000000003,369.61,680.8592249999999,,
1999-08-01,27.466666666666665,367.06,680.8592249999999,,
1999-09-01,20.4,364.95,680.8592249999999,,
1999-10-01,15.95,365.52,680.8592249999999,,
1999-11-01,12.84,366.88,680.8592249999999,,
1999-12-01,5.333333333333333,368.26,680.8592249999999,,
2000-01-01,3.22,369.45,680.8592249999999,,
2000-02-01,8.02,369.71,680.8592249999999,,
2000-03-01,10.78,370.75,680.8592249999999,,
2000-04-01,14.11,371.98,680.8592249999999,,
2000-05-01,20.919999999999998,371.75,680.8592249999999,,
2000-06-01,22.830000000000002,371.87,680.8592249999999,,
2000-07-01,26.57,370.02,680.8592249999999,,
2000-08-01,29.560000000000002,368.27,680.8592249999999,,
2000-09-01,23.2,367.15,680.8592249999999,,
2000-10-01,17.259999999999998,367.18,680.8592249999999,,
2000-11-01,5.43,368.53,680.8592249999999,,
2000-12-01,-3.1333333333333333,369.83,680.8592249999999,,
2001-01-01,1.2,370.76,680.8592249999999,,
2001-02-01,3.75,371.69,680.8592249999999,,
2001-03-01,7.12,372.63,680.8592249999999,,
2001-04-01,17.44,373.55,680.8592249999999,,
2001-05-01,20.15,374.03,680.8592249999999,,
2001-06-01,24.18,373.4,680.8592249999999,,
2001-07-01,28.630000000000003,371.68,680.8592249999999,,
2001-08-01,27.46,369.78,680.8592249999999,,
2001-09-01,20.82,368.34,680.8592249999999,,
2001-10-01,15.16,368.61,680.8592249999999,,
2001-11-01,11.74,369.94,680.8592249999999,,
2001-12-01,5.1899999999999995,371.42,680.8592249999999,,
2002-01-01,3.5699999999999994,372.7,680.8592249999999,,
2002-02-01,4.4,373.37,680.8592249999999,,
2002-03-01,7.2,374.3,680.8592249999999,,
2002-04-01,15.919999999999998,375.19,680.8592249999999,,
2002-05-01,18.21,375.93,680.8592249999999,,
2002-06-01,24.72,375.69,680.8592249999999,,
2002-07-01,26.74,374.16,680.8592249999999,,
2002-08-01,26.71,372.03,680.8592249999999,,
2002-09-01,23.4,370.92,680.8592249999999,,
2002-10-01,13.11,370.73,680.8592249999999,,
2002-11-01,7.81,372.43,680.8592249999999,,
2002-12-01,4.17,373.98,680.8592249999999,,
2003-01-01,1.15,375.07,680.8592249999999,,
2003-02-01,2.2399999999999998,375.82,680.8592249999999,,
2003-03-01,9.040000000000001,376.64,1141.701812903226,,
2003-04-01,15.580000000000002,377.92,1315.9694000000002,,
2003-05-01,19.52,378.78,1361.3856129032258,,
2003-06-01,22.7,378.46,1361.2288866666668,,
2003-07-01,28.169999999999998,376.88,1317.4172677419351,,
2003-08-01,27.74,374.57,1361.4352,,
2003-09-01,19.93,373.34,1361.543863333333,,
2003-10-01,16.19,373.31,1360.5210677419357,,
2003-11-01,9.72,374.84,1361.2729900000002,,
2003-12-01,4.7,376.17,1361.4553129032258,,
2004-01-01,2.2399999999999998,377.17,1361.2277903225809,,
2004-02-01,3.0,378.05,1361.2461068965515,,
2004-03-01,11.5,379.06,1361.2276516129034,,
2004-04-01,15.05,380.54,1361.3267,,
2004-05-01,21.22,380.8,1361.1893096774195,,
2004-06-01,23.27,379.87,1361.115633333333,,
2004-07-01,25.18,377.65,1360.810464516129,,
2004-08-01,23.97,376.17,1360.9254612903226,,
2004-09-01,22.89,374.43,1361.1925066666668,,
2004-10-01,17.17,374.63,1361.197970967742,,
2004-11-01,9.91,376.33,1361.134643333333,,
2004-12-01,4.54,377.68,1361.3309387096774,,
2005-01-01,2.91,378.63,1360.896129032258,,
2005-02-01,6.660000000000001,379.91,1361.0936535714286,,
2005-03-01,9.01,380.95,1361.038993548387,,
2005-04-01,14.95,382.48,1361.02179,,
2005-05-01,19.6,382.64,1360.9341451612904,,
2005-06-01,25.43,382.4,1360.925253333333,,
2005-07-01,26.82,380.93,1360.9718870967745,,
2005-08-01,26.93,378.93,1361.0565193548389,,
2005-09-01,24.19,376.89,1360.8935866666666,,
2005-10-01,16.04,377.19,1361.0525967741935,,
2005-11-01,10.61,378.54,1360.8937233333334,,
2005-12-01,2.32,380.31,1360.954183870968,,
2006-01-01,7.589999999999999,381.58,1361.03,,
2006-02-01,4.01,382.4,1360.9999571428573,,
2006-03-01,10.879999999999999,382.86,1360.9158741935482,,
2006-04-01,18.22,384.8,1360.88967,,
2006-05-01,20.72,385.22,1361.0666774193548,,
2006-06-01,24.96,384.24,1360.9691333333333,,
2006-07-01,28.5,382.65,1360.9128935483873,,
2006-08-01,28.23,380.6,1360.7975612903226,,
2006-09-01,20.54,379.04,1360.92818,,
2006-10-01,14.919999999999998,379.33,1360.9213032258065,,
2006-11-01,9.99,380.35,1360.71976,,
2006-12-01,5.54,382.02,1360.760735483871,,
2007-01-01,0.9777777777777779,383.1,1360.798541935484,,
2007-02-01,3.0799999999999996,384.12,1360.8204785714286,,
2007-03-01,14.23,384.81,1360.868641935484,,
2007-04-01,12.98,386.73,1360.8105966666667,,
2007-05-01,20.8,386.78,1097.4283032258063,,
2007-06-01,24.06,386.33,1360.84721,,
2007-07-01,26.089999999999996,384.73,1360.8134677419357,,
2007-08-01,28.48,382.24,1360.836941935484,,
2007-09-01,23.009999999999998,381.2,1360.7953366666666,,
2007-10-01,17.14,381.37,1360.7927451612904,,
2007-11-01,9.73,382.7,1360.77262,,
2007-12-01,2.588888888888889,384.19,1360.7789677419355,,
2008-01-01,2.09,385.78,1360.848841935484,,
2008-02-01,3.4200000000000004,386.06,1360.806213793103,,
2008-03-01,9.3,386.28,1360.750629032258,,
2008-04-01,13.49,387.33,1360.8310133333332,,
2008-05-01,19.69,388.78,1360.799170967742,,
2008-06-01,24.839999999999996,387.99,1360.75955,,
2008-07-01,27.07,386.62,1360.7464580645162,,
2008-08-01,25.57,384.32,1360.7529548387097,,
2008-09-01,20.72,383.41,1360.7545833333331,,
2008-10-01,15.080000000000002,383.22,1360.7772225806452,,
2008-11-01,8.75,384.41,1360.7654333333332,,
2008-12-01,2.48,385.79,1360.7634096774193,,
2009-01-01,1.0625,387.17,965.7142774193547,,
2009-02-01,6.777777777777778,387.7,1360.7708714285714,,
2009-03-01,10.36,389.04,1360.7627129032255,,
2009-04-01,13.95,389.76,1360.7518233333333,,
2009-05-01,18.84,390.36,1360.817722580645,,
2009-06-01,25.79,389.7,1360.7937366666667,,
2009-07-01,25.68,388.24,1360.776435483871,,
2009-08-01,24.830000000000002,386.29,1360.768664516129,,
2009-09-01,20.419999999999998,384.95,1360.79013,,
2009-10-01,12.24,384.64,1273.0146451612902,,
2009-11-01,11.4,386.23,1360.8600166666663,,
2009-12-01,0.61,387.63,1360.8359870967745,,
2010-01-01,-0.12999999999999992,388.91,1360.9074451612903,,
2010-02-01,1.02,390.41,1361.039625,,
2010-03-01,9.08,391.37,1360.9846193548387,,
2010-04-01,16.6,392.67,1361.0560266666666,,
2010-05-01,19.95,393.21,1361.026329032258,,
2010-06-01,26.939999999999998,392.38,1360.9959233333332,,
2010-07-01,27.830000000000002,390.41,1361.075448387097,,
2010-08-01,28.76,388.54,1361.0443451612905,,
2010-09-01,22.95,387.03,1179.62796,,
2010-10-01,16.369999999999997,387.43,1273.201406451613,,
2010-11-01,9.66,388.87,1224.99736,,
2010-12-01,2.6399999999999997,389.99,1141.529141935484,,
2011-01-01,0.15,391.5,1273.2390548387098,,
2011-02-01,2.9899999999999998,392.05,1361.0515642857142,,
2011-03-01,10.129999999999999,392.8,1361.0545,,
2011-04-01,16.22,393.44,1361.3872933333334,,
2011-05-01,19.17,394.41,1317.4998,,
2011-06-01,27.7,393.95,1361.38894,,
2011-07-01,31.3,392.72,1361.2561741935483,,
2011-08-01,29.48,390.33,1361.193029032258,,
2011-09-01,20.64,389.28,1043.554936666667,,
2011-10-01,16.14,389.19,1361.339129032258,,
2011-11-01,9.6,390.48,1361.5349833333337,,
2011-12-01,4.45,392.06,1361.6478161290322,,
2012-01-01,5.11,393.31,1361.5271032258065,,
2012-02-01,6.24,394.04,1361.5322448275865,,
2012-03-01,15.559999999999999,394.59,1361.3538419354838,,
2012-04-01,17.44,396.38,1361.4247366666668,,
2012-05-01,22.46,396.93,1361.2981,,
2012-06-01,26.2,395.91,1361.3804533333334,,
2012-07-01,30.330000000000002,394.56,1361.1323258064515,,
2012-08-01,26.839999999999996,392.59,1361.573229032258,,
2012-09-01,22.509999999999998,391.32,1361.66378,,
2012-10-01,14.809999999999999,391.27,1317.5740451612903,,
2012-11-01,10.379999999999999,393.2,726.1250866666667,,
2012-12-01,5.39,394.57,966.2897870967744,,
2013-01-01,3.7299999999999995,395.78,1097.912658064516,,
2013-02-01,3.9899999999999998,397.03,1361.5483142857142,,
2013-03-01,7.279999999999999,397.66,1361.5799612903224,,
2013-04-01,12.66,398.64,1361.4302133333333,,
2013-05-01,18.65,400.02,1361.670022580645,,
2013-06-01,25.07,398.81,1361.6450033333335,,
2013-07-01,26.24,397.51,1010.2328322580644,,
2013-08-01,25.889999999999997,395.39,0.0,,
2013-09-01,23.68,393.72,0.0,,
2013-10-01,15.12,393.9,0.0,,
2013-11-01,7.5200000000000005,395.36,0.0,,
2013-12-01,1.1,397.03,307.418929032258,,
2014-01-01,0.71,398.04,0.0,,
2014-02-01,1.2200000000000002,398.27,0.0,,
2014-03-01,7.32,399.91,1186.186280645161,,
2014-04-01,14.709999999999999,401.51,1361.6792266666666,,
2014-05-01,20.54,401.96,1361.5708741935482,,
2014-06-01,24.740000000000002,401.43,1361.4990633333332,,
2014-07-01,24.830000000000002,399.27,1361.4506096774194,,
2014-08-01,27.04,397.18,1361.6980387096771,,
2014-09-01,22.279999999999998,395.54,1361.6565799999998,,
2014-10-01,17.11,396.16,1361.3472290322582,,
2014-11-01,6.209999999999999,397.4,1361.73317,,
2014-12-01,4.54,399.08,1361.6739225806452,,
2015-01-01,2.62,400.18,1361.7873903225804,,
2015-02-01,0.8300000000000001,400.55,1362.1369821428573,,
2015-03-01,10.15,401.74,1361.9255129032258,,
2015-04-01,15.9,403.35,1361.9188733333333,,
2015-05-01,19.18,404.15,1361.7222161290324,,
2015-06-01,25.839999999999996,402.97,1361.5635566666667,,
2015-07-01,27.580000000000002,401.46,1361.708858064516,,
2015-08-01,25.31,399.11,1361.4131677419357,,
2015-09-01,23.89,397.82,1361.3526166666668,,
2015-10-01,16.72,398.49,1361.5595258064516,,
2015-11-01,10.877777777777778,400.27,1361.6095166666669,,
2015-12-01,7.0200000000000005,402.06,1361.497151612903,,
2016-01-01,2.42,402.73,1361.5329032258066,,
2016-02-01,7.459999999999999,404.25,1361.5481655172414,,
2016-03-01,12.26,405.06,1361.4286935483872,,
2016-04-01,16.15,407.6,1361.1113333333333,,
2016-05-01,18.669999999999998,407.9,1361.2033612903226,,
2016-06-01,26.49,406.99,1361.27146,,
2016-07-01,27.98,404.59,1361.1878612903226,,
2016-08-01,26.57,402.45,1361.1913967741934,,
2016-09-01,23.47,401.23,1361.18209,,
2016-10-01,18.95,401.79,1361.136090322581,,
2016-11-01,12.26,403.72,1361.1313633333334,,
2016-12-01,2.88,404.64,1361.0518032258065,,
2017-01-01,4.3100000000000005,406.36,1361.0344870967742,,
2017-02-01,9.64,406.66,1361.0622607142857,,
2017-03-01,12.15,407.54,1360.976829032258,,
2017-04-01,16.04,409.22,1361.01783,,
2017-05-01,19.577777777777776,409.89,1361.027406451613,,
2017-06-01,24.58888888888889,409.08,1361.046646666667,,
2017-07-01,27.660000000000004,407.33,1360.893970967742,,
2017-08-01,24.55,405.32,1273.1061,,
2017-09-01,22.91,403.57,1360.76466,,
2017-10-01,16.27,403.82,1361.0676193548386,,
2017-11-01,10.68,405.31,1361.0243533333337,,
2017-12-01,3.7700000000000005,407.0,1360.957606451613,,
2018-01-01,1.52,408.15,1155.647841509434,,
2018-02-01,4.220000000000001,408.52,1312.5434785714283,,
2018-03-01,10.379999999999999,409.59,1273.3333967741935,,
2018-04-01,11.41,410.45,1043.52372,,
2018-05-01,23.7,411.44,1295.363098387097,,
2018-06-01,26.839999999999996,410.99,1338.5693299999998,,
2018-07-01,27.55,408.9,1229.5045887096774,,
2018-08-01,26.05,407.16,1361.241420967742,,
2018-09-01,22.97,405.71,1315.85936,,
2018-10-01,15.14,406.19,1339.2630693548388,,
2018-11-01,5.87,408.21,1315.8125966666666,,
2018-12-01,4.133333333333334,409.27,1163.5505596774192,,
2019-01-01,1.911111111111111,411.03,1339.229764516129,,
2019-02-01,3.31,411.96,1361.209505357143,,
2019-03-01,7.56,412.18,1163.5654467741936,,
2019-04-01,15.73,413.54,1111.6211866666667,,
2019-05-01,19.4,414.86,1075.7869935483873,,
2019-06-01,24.009999999999998,414.15,1111.6965166666666,,
2019-07-01,26.640000000000004,411.96,1229.4744080645162,,
2019-08-01,26.560000000000002,410.17,1273.363135483871,,
2019-09-01,25.97,408.76,1293.118831666667,,
2019-10-01,13.5,408.74,1361.188269354839,,
2019-11-01,7.32,410.47,1247.7311966666666,,
2019-12-01,5.4799999999999995,411.97,1031.7960532258064,,
2020-01-01,4.24,413.59,1229.4444145161292,,
2020-02-01,4.58,414.32,1361.2200222222225,,
2020-03-01,12.129999999999999,414.72,1361.513970967742,,
2020-04-01,13.63,416.42,1225.3669633333334,,
2020-05-01,18.44,417.28,1141.9488612903226,,
2020-06-01,25.830000000000002,416.58,1361.56516,,
2020-07-01,27.47,414.58,702.7396903225807,,
2020-08-01,25.45,412.75,1317.7111258064515,,
2020-09-01,21.0,411.5,1361.58614,,
2020-10-01,13.88,411.49,1273.765870967742,,
2020-11-01,11.190000000000001,413.1,1316.18762,,
2020-12-01,4.49,414.23,1054.2538516129032,,
2021-01-01,3.3299999999999996,415.49,1098.197129032258,,
2021-02-01,-1.47,416.72,1361.6891892857143,,
2021-03-01,11.72,417.61,1273.8663225806451,,
2021-04-01,13.84,419.01,1270.89666,,
2021-05-01,18.119999999999997,419.09,1142.0467677419356,,
2021-06-01,25.119999999999997,418.93,1316.37443,,
2021-07-01,26.389999999999997,416.9,746.856541935484,,
2021-08-01,27.2,414.42,1361.8341387096775,,
2021-09-01,24.240000000000002,413.26,1180.2035566666668,,
2021-10-01,17.259999999999998,413.9,1230.0460516129033,,
2021-11-01,9.76,414.97,1134.923093333333,,
2021-12-01,9.59,416.67,834.7036870967742,,
2022-01-01,1.51,418.13,1054.406329032258,,
2022-02-01,2.87,419.24,1313.470857142857,,
2022-03-01,9.59,418.76,1318.1101258064516,,
2022-04-01,15.0,420.19,1225.9760566666666,,
2022-05-01,20.57,420.97,1142.5775967741936,,
2022-06-01,25.73,420.94,1089.93563,,
2022-07-01,29.54,418.85,1054.6707258064516,,
2022-08-01,27.47,417.15,1318.284629032258,,
2022-09-01,23.509999999999998,415.91,1316.98631,,
2022-10-01,16.119999999999997,415.74,1186.6772870967743,,
2022-11-01,8.05,417.47,908.3143333333334,,
2022-12-01,3.46,418.99,1054.5932516129033,,
2023-01-01,4.68,419.48,922.960729032258,,
2023-02-01,6.39,420.31,1216.5849892857143,,
2023-03-01,9.23,420.99,1186.907264516129,,
2023-04-01,14.75,423.35,1271.8814166666666,,
2023-05-01,20.41,424.0,1098.5935677419354,,
2023-06-01,24.869999999999997,423.68,1362.6097,,
2023-07-01,27.360000000000003,421.83,1142.557283870968,,
2023-08-01,27.8,419.68,1054.9707258064516,,
2023-09-01,23.919999999999998,418.5,1226.4414866666666,,
2023-10-01,16.39,418.82,703.483270967742,,
2023-11-01,9.99,420.46,1044.785116666667,,
2023-12-01,6.75,421.86,879.1560354838709,,
2024-01-01,-0.01999999999999997,422.8,1011.0617451612902,,
2024-02-01,9.5,424.55,1268.4150620689657,,
2024-03-01,12.18,425.38,1230.7658677419356,,
2024-04-01,16.759999999999998,426.51,1317.2556233333337,,
2024-05-01,21.35,426.9,922.7742,,
2024-06-01,26.4,426.91,1180.8128833333333,,
2024-07-01,27.02,425.55,1142.912929032258,,
2024-08-01,27.15,422.99,1318.3253322580645,,
2024-09-01,23.080000000000002,422.03,1272.3112133333334,,
2024-10-01,19.3,422.38,1318.541006451613,,
2024-11-01,11.3,423.85,863.05688,,
2024-12-01,6.2299999999999995,425.4,1010.994935483871,,
