date,tsi
2003-02-01,680.8592249999999
2003-03-01,1141.701812903226
2003-04-01,1315.9694000000002
2003-05-01,1361.3856129032258
2003-06-01,1361.2288866666668
2003-07-01,1317.4172677419353
2003-08-01,1361.4352
2003-09-01,1361.5438633333333
2003-10-01,1360.5210677419357
2003-11-01,1361.2729900000002
2003-12-01,1361.4553129032258
2004-01-01,1361.2277903225809
2004-02-01,1361.2461068965517
2004-03-01,1361.2276516129034
2004-04-01,1361.3267
2004-05-01,1361.1893096774195
2004-06-01,1361.1156333333333
2004-07-01,1360.810464516129
2004-08-01,1360.9254612903226
2004-09-01,1361.1925066666668
2004-10-01,1361.1979709677419
2004-11-01,1361.1346433333333
2004-12-01,1361.3309387096774
2005-01-01,1360.896129032258
2005-02-01,1361.0936535714286
2005-03-01,1361.038993548387
2005-04-01,1361.02179
2005-05-01,1360.9341451612904
2005-06-01,1360.9252533333333
2005-07-01,1360.9718870967743
2005-08-01,1361.0565193548387
2005-09-01,1360.8935866666666
2005-10-01,1361.0525967741935
2005-11-01,1360.8937233333334
2005-12-01,1360.9541838709679
2006-01-01,1361.03
2006-02-01,1360.9999571428573
2006-03-01,1360.9158741935482
2006-04-01,1360.88967
2006-05-01,1361.0666774193548
2006-06-01,1360.9691333333333
2006-07-01,1360.9128935483873
2006-08-01,1360.7975612903226
2006-09-01,1360.9281799999999
2006-10-01,1360.9213032258065
2006-11-01,1360.71976
2006-12-01,1360.760735483871
2007-01-01,1360.7985419354839
2007-02-01,1360.8204785714286
2007-03-01,1360.868641935484
2007-04-01,1360.8105966666667
2007-05-01,1097.4283032258065
2007-06-01,1360.84721
2007-07-01,1360.8134677419355
2007-08-01,1360.836941935484
2007-09-01,1360.7953366666666
2007-10-01,1360.7927451612904
2007-11-01,1360.77262
2007-12-01,1360.7789677419355
2008-01-01,1360.848841935484
2008-02-01,1360.8062137931033
2008-03-01,1360.750629032258
2008-04-01,1360.8310133333332
2008-05-01,1360.799170967742
2008-06-01,1360.75955
2008-07-01,1360.7464580645162
2008-08-01,1360.7529548387097
2008-09-01,1360.7545833333331
2008-10-01,1360.7772225806452
2008-11-01,1360.7654333333332
2008-12-01,1360.7634096774193
2009-01-01,965.7142774193549
2009-02-01,1360.7708714285714
2009-03-01,1360.7627129032257
2009-04-01,1360.7518233333333
2009-05-01,1360.817722580645
2009-06-01,1360.7937366666667
2009-07-01,1360.776435483871
2009-08-01,1360.768664516129
2009-09-01,1360.79013
2009-10-01,1273.0146451612902
2009-11-01,1360.8600166666665
2009-12-01,1360.8359870967743
2010-01-01,1360.9074451612903
2010-02-01,1361.039625
2010-03-01,1360.9846193548387
2010-04-01,1361.0560266666666
2010-05-01,1361.026329032258
2010-06-01,1360.9959233333332
2010-07-01,1361.075448387097
2010-08-01,1361.0443451612903
2010-09-01,1179.62796
2010-10-01,1273.201406451613
2010-11-01,1224.99736
2010-12-01,1141.529141935484
2011-01-01,1273.2390548387098
2011-02-01,1361.0515642857142
2011-03-01,1361.0545
2011-04-01,1361.3872933333334
2011-05-01,1317.4998
2011-06-01,1361.38894
2011-07-01,1361.2561741935483
2011-08-01,1361.193029032258
2011-09-01,1043.5549366666667
2011-10-01,1361.3391290322581
2011-11-01,1361.5349833333335
2011-12-01,1361.6478161290322
2012-01-01,1361.5271032258065
2012-02-01,1361.5322448275863
2012-03-01,1361.3538419354838
2012-04-01,1361.4247366666668
2012-05-01,1361.2981
2012-06-01,1361.3804533333334
2012-07-01,1361.1323258064517
2012-08-01,1361.573229032258
2012-09-01,1361.6637799999999
2012-10-01,1317.5740451612903
2012-11-01,726.1250866666667
2012-12-01,966.2897870967743
2013-01-01,1097.912658064516
2013-02-01,1361.5483142857142
2013-03-01,1361.5799612903224
2013-04-01,1361.4302133333333
2013-05-01,1361.670022580645
2013-06-01,1361.6450033333335
2013-07-01,1010.2328322580645
2013-08-01,0.0
2013-09-01,0.0
2013-10-01,0.0
2013-11-01,0.0
2013-12-01,307.418929032258
2014-01-01,0.0
2014-02-01,0.0
2014-03-01,1186.1862806451613
2014-04-01,1361.6792266666666
2014-05-01,1361.5708741935482
2014-06-01,1361.4990633333332
2014-07-01,1361.4506096774194
2014-08-01,1361.6980387096773
2014-09-01,1361.6565799999998
2014-10-01,1361.3472290322582
2014-11-01,1361.73317
2014-12-01,1361.6739225806452
2015-01-01,1361.7873903225804
2015-02-01,1362.1369821428573
2015-03-01,1361.9255129032258
2015-04-01,1361.9188733333333
2015-05-01,1361.7222161290324
2015-06-01,1361.5635566666667
2015-07-01,1361.708858064516
2015-08-01,1361.4131677419355
2015-09-01,1361.3526166666668
2015-10-01,1361.5595258064516
2015-11-01,1361.6095166666667
2015-12-01,1361.497151612903
2016-01-01,1361.5329032258066
2016-02-01,1361.5481655172414
2016-03-01,1361.4286935483872
2016-04-01,1361.1113333333333
2016-05-01,1361.2033612903226
2016-06-01,1361.27146
2016-07-01,1361.1878612903226
2016-08-01,1361.1913967741934
2016-09-01,1361.18209
2016-10-01,1361.1360903225807
2016-11-01,1361.1313633333334
2016-12-01,1361.0518032258065
2017-01-01,1361.0344870967742
2017-02-01,1361.0622607142857
2017-03-01,1360.9768290322581
2017-04-01,1361.01783
2017-05-01,1361.027406451613
2017-06-01,1361.0466466666667
2017-07-01,1360.893970967742
2017-08-01,1273.1061
2017-09-01,1360.76466
2017-10-01,1361.0676193548386
2017-11-01,1361.0243533333335
2017-12-01,1360.957606451613
2018-01-01,1155.6478415094339
2018-02-01,1312.5434785714285
2018-03-01,1273.3333967741935
2018-04-01,1043.52372
2018-05-01,1295.3630983870967
2018-06-01,1338.5693299999998
2018-07-01,1229.5045887096774
2018-08-01,1361.241420967742
2018-09-01,1315.85936
2018-10-01,1339.2630693548388
2018-11-01,1315.8125966666666
2018-12-01,1163.5505596774192
2019-01-01,1339.229764516129
2019-02-01,1361.209505357143
2019-03-01,1163.5654467741936
2019-04-01,1111.6211866666667
2019-05-01,1075.7869935483873
2019-06-01,1111.6965166666666
2019-07-01,1229.4744080645162
2019-08-01,1273.363135483871
2019-09-01,1293.1188316666667
2019-10-01,1361.1882693548387
2019-11-01,1247.7311966666666
2019-12-01,1031.7960532258064
2020-01-01,1229.4444145161292
2020-02-01,1361.2200222222223
2020-03-01,1361.513970967742
2020-04-01,1225.3669633333334
2020-05-01,1141.9488612903226
2020-06-01,1361.5651599999999
2020-07-01,702.7396903225807
2020-08-01,1317.7111258064517
2020-09-01,1361.58614
2020-10-01,1273.7658709677419
2020-11-01,1316.18762
2020-12-01,1054.2538516129032
2021-01-01,1098.1971290322579
2021-02-01,1361.6891892857143
2021-03-01,1273.8663225806451
2021-04-01,1270.8966599999999
2021-05-01,1142.0467677419356
2021-06-01,1316.37443
2021-07-01,746.856541935484
2021-08-01,1361.8341387096775
2021-09-01,1180.2035566666668
2021-10-01,1230.0460516129033
2021-11-01,1134.9230933333333
2021-12-01,834.7036870967742
2022-01-01,1054.406329032258
2022-02-01,1313.470857142857
2022-03-01,1318.1101258064516
2022-04-01,1225.9760566666666
2022-05-01,1142.5775967741936
2022-06-01,1089.93563
2022-07-01,1054.6707258064516
2022-08-01,1318.284629032258
2022-09-01,1316.98631
2022-10-01,1186.6772870967743
2022-11-01,908.3143333333334
2022-12-01,1054.5932516129033
2023-01-01,922.960729032258
2023-02-01,1216.5849892857143
2023-03-01,1186.907264516129
2023-04-01,1271.8814166666666
2023-05-01,1098.5935677419354
2023-06-01,1362.6097
2023-07-01,1142.557283870968
2023-08-01,1054.9707258064516
2023-09-01,1226.4414866666666
2023-10-01,703.483270967742
2023-11-01,1044.7851166666667
2023-12-01,879.1560354838709
2024-01-01,1011.0617451612902
2024-02-01,1268.4150620689657
2024-03-01,1230.7658677419356
2024-04-01,1317.2556233333335
2024-05-01,922.7742
2024-06-01,1180.8128833333333
2024-07-01,1142.912929032258
2024-08-01,1318.3253322580645
2024-09-01,1272.3112133333334
2024-10-01,1318.541006451613
2024-11-01,863.05688
2024-12-01,1010.994935483871
