date,price,volume,vix,fedfunds,inflation,credit_spread
1993-01-01,3.185335025858265,1003200,12.420000076293945,3.02,0.03253796095444694,0.7599999999999998
1993-02-01,3.195947190906933,5417600,13.15999984741211,3.03,0.032467532467532534,0.6800000000000006
1993-03-01,3.2133868499822347,3019200,12.529999732971191,3.07,0.030194104960460155,0.5700000000000003
1993-04-01,3.19217814026186,2697200,12.420000076293945,2.96,0.031563845050215145,0.6800000000000006
1993-05-01,3.21878999049606,1808000,13.470000267028809,3.0,0.0322118826055835,0.7800000000000011
1993-06-01,3.2153285096949236,3438000,11.260000228881836,3.04,0.029978586723768963,0.7400000000000002
1993-07-01,3.2175249678031417,6117600,11.729999542236328,3.06,0.028469750889679624,0.7599999999999998
1993-08-01,3.255136798964911,5440100,11.850000381469727,3.03,0.02840909090909083,0.75
1993-09-01,3.2416224266143185,4369900,12.989999771118164,3.09,0.027639971651311157,0.6799999999999997
1993-10-01,3.2673694886125113,6972900,11.460000038146973,2.99,0.02752293577981657,0.6399999999999997
1993-11-01,3.2566384078298216,5351100,13.760000228881836,3.02,0.027445460942997935,0.7300000000000004
1993-12-01,3.262018050374205,6128000,11.65999984741211,2.96,0.028109627547435068,0.7600000000000007
1994-01-01,3.303121909893619,6837100,10.630000114440918,3.05,0.02450980392156854,0.7300000000000004
1994-02-01,3.27352444576072,10974400,14.869999885559082,3.25,0.02515723270440251,0.6799999999999997
1994-03-01,3.22496784175594,14705500,20.450000762939453,3.34,0.026517794836008246,0.6500000000000004
1994-04-01,3.2418693242417573,11429000,13.770000457763672,3.56,0.02364394993045882,0.6399999999999997
1994-05-01,3.257682998029662,8545100,13.029999732971191,4.01,0.02288488210818307,0.629999999999999
1994-06-01,3.2279128552953122,10352700,14.970000267028809,4.25,0.02494802494802495,0.6800000000000006
1994-07-01,3.266317729469824,5452100,11.130000114440918,4.26,0.0269896193771626,0.6900000000000013
1994-08-01,3.3037296802089475,7945800,11.970000267028809,4.47,0.02900552486187835,0.6699999999999999
1994-09-01,3.2720864123068667,6309300,14.279999732971191,4.73,0.02965517241379323,0.6400000000000006
1994-10-01,3.3061798671061986,5437600,14.5600004196167,4.76,0.026098901098901228,0.629999999999999
1994-11-01,3.2655499736046676,4807300,15.949999809265137,5.29,0.026027397260274032,0.6400000000000006
1994-12-01,3.2648644784857135,8568500,13.199999809265137,5.45,0.02597402597402576,0.6399999999999988
1995-01-01,3.3058610009022025,2768000,11.960000038146973,5.53,0.028708133971291794,0.6199999999999992
1995-02-01,3.345860239925106,5954800,11.75,5.92,0.02862985685071595,0.5899999999999999
1995-03-01,3.3679291979659283,4538000,13.369999885559082,5.98,0.027872195785180187,0.5800000000000001
1995-04-01,3.402519825329386,4395200,11.75,6.05,0.03125000000000022,0.5700000000000003
1995-05-01,3.441425755200115,6986200,12.850000381469727,6.01,0.031186440677966054,0.5499999999999989
1995-06-01,3.4555986343087914,5790900,11.380000114440918,6.0,0.030425963488843744,0.6000000000000005
1995-07-01,3.4931129680135453,5508200,13.489999771118164,5.85,0.028301886792452713,0.629999999999999
1995-08-01,3.497554436692971,8100100,11.520000457763672,5.74,0.026174496644295386,0.6199999999999992
1995-09-01,3.533734121992914,7431600,12.739999771118164,5.8,0.0254521098459477,0.6099999999999994
1995-10-01,3.536114329261387,8944800,13.829999923706055,5.76,0.027443105756358666,0.6299999999999999
1995-11-01,3.5796338675252595,8841700,11.579999923706055,5.8,0.02603471295060067,0.6600000000000001
1995-12-01,3.589081374497395,9816800,12.520000457763672,5.6,0.025316455696202667,0.6699999999999999
1996-01-01,3.6302042439780537,10661800,12.529999732971191,5.56,0.027906976744185963,0.6600000000000001
1996-02-01,3.6333892288695346,14850400,17.040000915527344,5.22,0.02717031146454607,0.6399999999999997
1996-03-01,3.646029283412514,19022700,18.8799991607666,5.31,0.028439153439153486,0.6799999999999997
1996-04-01,3.6612715769408664,14999300,15.829999923706055,5.22,0.02832674571805005,0.6899999999999995
1996-05-01,3.683717936307332,17453200,16.06999969482422,5.24,0.02827087442472065,0.6800000000000006
1996-06-01,3.687216103281429,16871800,13.680000305175781,5.27,0.028215223097112663,0.6900000000000004
1996-07-01,3.6465241870743883,28811500,19.459999084472656,5.4,0.028833551769331667,0.6999999999999993
1996-08-01,3.66559984375356,15593100,17.010000228881836,5.22,0.028122956180510084,0.7199999999999998
1996-09-01,3.7148344925526673,17216100,16.950000762939453,5.3,0.030045721750489918,0.6899999999999995
1996-10-01,3.75178777145865,14791800,18.110000610351562,5.24,0.030618892508143203,0.6800000000000006
1996-11-01,3.8222495554838907,24089700,17.139999389648438,5.31,0.03253090435914108,0.6900000000000004
1996-12-01,3.7932620137012285,34952800,20.920000076293945,5.29,0.03378817413905133,0.6899999999999995
1997-01-01,3.858116564960243,43623700,19.469999313354492,5.25,0.030381383322559907,0.6699999999999999
1997-02-01,3.867636586486531,30028800,21.100000381469727,5.19,0.030322580645161246,0.6300000000000008
1997-03-01,3.818688746960727,37514300,22.139999389648438,5.39,0.027652733118971096,0.6299999999999999
1997-04-01,3.8832327699156135,57679300,20.059999465942383,5.51,0.02434336963484962,0.6099999999999994
1997-05-01,3.944522943079153,37473400,19.190000534057617,5.5,0.02237851662404089,0.6199999999999992
1997-06-01,3.9809174223615758,47332500,21.530000686645508,5.56,0.02233567326100827,0.6099999999999994
1997-07-01,4.061082096932409,65359700,21.479999542236328,5.52,0.021656050955414008,0.6100000000000003
1997-08-01,4.007889282801012,99046800,24.760000228881836,5.54,0.022900763358778775,0.6000000000000005
1997-09-01,4.051197842852499,78642200,22.90999984741211,5.54,0.0221940393151554,0.5499999999999998
1997-10-01,4.030051236716068,137440500,35.09000015258789,5.5,0.020859671302149163,0.5700000000000003
1997-11-01,4.0680170779360685,93157400,27.43000030517578,5.52,0.018903591682419618,0.5499999999999998
1997-12-01,4.082938345089871,79162300,24.010000228881836,5.5,0.016970458830924073,0.5600000000000005
1998-01-01,4.099705140639308,104582300,21.469999313354492,5.56,0.016311166875784044,0.5800000000000001
1998-02-01,4.166704375432033,69733700,18.549999237060547,5.51,0.01440200375704448,0.5800000000000001
1998-03-01,4.211466843604145,87316900,24.219999313354492,5.49,0.013767209011263937,0.6000000000000005
1998-04-01,4.227045452477122,118629400,21.18000030517578,5.45,0.014383989993745905,0.6399999999999997
1998-05-01,4.206057917925509,116264800,21.31999969482422,5.49,0.016885553470919357,0.6099999999999994
1998-06-01,4.244572917447632,141993600,19.709999084472656,5.56,0.01622971285892638,0.5999999999999996
1998-07-01,4.234144098008598,155280200,24.799999237060547,5.54,0.0174563591022443,0.6000000000000005
1998-08-01,4.081948546865731,268542800,44.279998779296875,5.55,0.016169154228855787,0.6200000000000001
1998-09-01,4.140119359232713,269370500,40.95000076293945,5.51,0.014267990074441794,0.6899999999999995
1998-10-01,4.221606725701862,249152700,28.049999237060547,5.07,0.014860681114551078,0.8099999999999996
1998-11-01,4.275793020012699,136369000,26.010000228881836,4.83,0.014842300556586308,0.9299999999999997
1998-12-01,4.335848094208942,156026700,24.420000076293945,4.68,0.01606922126081578,1.0100000000000007
1999-01-01,4.373783909515525,141419000,26.25,4.63,0.016666666666666607,1.0499999999999998
1999-02-01,4.341189977303513,164624900,27.8799991607666,4.76,0.016666666666666607,0.9899999999999993
1999-03-01,4.3793984816496465,148191100,23.260000228881836,4.81,0.01728395061728394,0.9100000000000001
1999-04-01,4.419092621819176,156755700,25.06999969482422,4.74,0.02281134401972884,0.8400000000000007
1999-05-01,4.3959607980521405,182566900,25.389999389648438,4.74,0.02091020910209096,0.79
1999-06-01,4.446846152228377,160692200,21.09000015258789,4.76,0.019656019656019597,0.7899999999999991
1999-07-01,4.4183469652614535,115669100,24.639999389648438,4.99,0.021446078431372584,0.7599999999999998
1999-08-01,4.413155192830987,142925900,24.450000762939453,5.07,0.022643818849449104,0.75
1999-09-01,4.387752284868988,167972700,25.40999984741211,5.22,0.02629969418960254,0.8099999999999996
1999-10-01,4.452673017609105,196829400,22.200000762939453,5.2,0.0256253813300793,0.830000000000001
1999-11-01,4.469187496886422,125042200,24.18000030517578,5.42,0.026203534430225606,0.79
1999-12-01,4.522274335381515,121529300,24.639999389648438,5.3,0.02676399026763998,0.6399999999999997
2000-01-01,4.473655887821867,156770800,24.950000762939453,5.45,0.02792956891317555,0.5499999999999998
2000-02-01,4.458313182988526,186938300,23.3700008392334,5.73,0.032179720704310855,0.6099999999999994
2000-03-01,4.548275391321038,247594900,24.110000610351562,5.85,0.03762135922330101,0.6899999999999995
2000-04-01,4.515062423015799,229246200,26.200000762939453,6.02,0.03013863773357439,0.7600000000000007
2000-05-01,4.499215163812296,161024000,23.649999618530273,6.27,0.031325301204819134,0.9100000000000001
2000-06-01,4.516353897433714,127146000,19.540000915527344,6.53,0.03734939759036138,0.8100000000000005
2000-07-01,4.502878247088493,106780100,20.739999771118164,6.54,0.03599280143971195,0.6999999999999993
2000-08-01,4.566173208790382,102365500,16.84000015258789,6.5,0.033512866546977715,0.71
2000-09-01,4.507239479654153,113203000,20.56999969482422,6.52,0.0345649582836709,0.7299999999999995
2000-10-01,4.505059554370981,178392400,23.6299991607666,6.51,0.03450327186198687,0.79
2000-11-01,4.427473264523374,156699900,29.649999618530273,6.51,0.03444180522565321,0.8299999999999992
2000-12-01,4.41917045576394,165416700,26.850000381469727,6.4,0.03436018957345954,0.8099999999999996
2001-01-01,4.465732276344252,181296400,22.020000457763672,5.98,0.037212049616065945,0.7799999999999994
2001-02-01,4.365483633097276,178607000,28.350000381469727,5.49,0.03529411764705892,0.7700000000000005
2001-03-01,4.3051261500232645,318187200,28.639999389648438,5.31,0.029824561403508643,0.8599999999999994
2001-04-01,4.389800258546241,251839700,25.479999542236328,4.8,0.03218256290228205,0.8700000000000001
2001-05-01,4.384179143481622,208040000,22.639999389648438,4.21,0.035630841121495394,0.7800000000000002
2001-06-01,4.357221625249034,203578200,19.059999465942383,3.97,0.03193960511033689,0.79
2001-07-01,4.349813469104582,196892900,21.6200008392334,3.77,0.027214823393167498,0.8399999999999999
2001-08-01,4.2886481721150975,269599600,24.920000076293945,3.65,0.027214823393167498,0.8300000000000001
2001-09-01,4.199747038669482,419156100,31.93000030517578,3.07,0.025921658986175045,0.8599999999999994
2001-10-01,4.2164303485170445,512612000,33.560001373291016,2.49,0.02127659574468077,0.8799999999999999
2001-11-01,4.2915167550285185,372515000,23.84000015258789,2.09,0.01894374282433997,0.8399999999999999
2001-12-01,4.29370595976558,308403900,23.799999237060547,1.82,0.01603665521191311,1.2800000000000011
2002-01-01,4.287293147071146,349380000,21.09000015258789,1.73,0.011958997722095743,1.3200000000000003
2002-02-01,4.269193676083458,424492600,21.59000015258789,1.74,0.011363636363636465,1.38
2002-03-01,4.299062564975573,385578100,17.399999618530273,1.73,0.013628620102214661,1.2999999999999998
2002-04-01,4.2420075677228155,404461000,21.90999984741211,1.75,0.01643990929705219,1.2699999999999996
2002-05-01,4.236056510818414,452626500,19.979999542236328,1.75,0.012408347433727984,1.3399999999999999
2002-06-01,4.155889493707198,534883500,25.399999618530273,1.75,0.010692177827799743,1.3200000000000003
2002-07-01,4.077283702019863,1124248800,32.029998779296875,1.73,0.01465614430665152,1.37
2002-08-01,4.084062196499869,936191200,32.63999938964844,1.74,0.01747463359639223,1.21
2002-09-01,3.9688227522190265,1013828600,39.689998626708984,1.75,0.01516002245929271,1.25
2002-10-01,4.05236918872243,1344248100,31.139999389648438,1.75,0.020270270270270174,1.4100000000000001
2002-11-01,4.112222481707484,818243400,27.5,1.34,0.022535211267605604,1.3100000000000005
2002-12-01,4.049087672757883,728285900,28.6200008392334,1.24,0.024802705749718212,1.2400000000000002
2003-01-01,4.029087534865365,911319900,31.170000076293945,1.24,0.02757456387169399,1.1799999999999997
2003-02-01,4.015516812522968,862248300,29.6299991607666,1.26,0.03146067415730336,1.1099999999999994
2003-03-01,4.013630523341542,1156870200,29.149999618530273,1.25,0.03025210084033625,1.0600000000000005
2003-04-01,4.098875868160671,996114200,21.209999084472656,1.26,0.02175125488008911,1.1099999999999994
2003-05-01,4.1522617845928655,881509900,19.469999313354492,1.26,0.018941504178273005,1.1600000000000001
2003-06-01,4.159251729733827,867970200,19.520000457763672,1.22,0.01948775055679297,1.2200000000000006
2003-07-01,4.180723378941214,895260500,19.489999771118164,1.01,0.020555555555555438,1.13
2003-08-01,4.201139900080842,772702000,18.6299991607666,1.03,0.02216066481994461,1.13
2003-09-01,4.186342614033297,818513400,22.719999313354492,1.01,0.02378318584070782,1.0700000000000003
2003-10-01,4.242317314662921,831700900,16.100000381469727,1.01,0.02041942604856528,1.0300000000000002
2003-11-01,4.253179275221009,630654200,16.31999969482422,1.0,0.019283746556473913,1.0099999999999998
2003-12-01,4.2975535927769455,678350400,18.309999465942383,0.98,0.020352035203520247,0.9799999999999995
2004-01-01,4.321844253044645,737674000,16.6299991607666,1.0,0.020262869660460092,0.9000000000000004
2004-02-01,4.335323415045899,676976900,14.550000190734863,1.01,0.01688453159041381,0.7699999999999996
2004-03-01,4.318490418677835,1125003900,16.739999771118164,1.0,0.017400761283306032,0.7800000000000002
2004-04-01,4.302886895145377,968620900,17.190000534057617,1.0,0.022925764192139875,0.7299999999999995
2004-05-01,4.319865453067234,981083900,15.5,1.0,0.028977583378895444,0.71
2004-06-01,4.334554080659104,721880400,14.34000015258789,1.03,0.03167667941015839,0.7700000000000005
2004-07-01,4.305448870450087,954619200,15.319999694824219,1.26,0.02939575394665228,0.7999999999999998
2004-08-01,4.307881776651708,922892000,15.289999961853027,1.43,0.025474254742547275,0.8099999999999996
2004-09-01,4.3137142166692755,790891900,13.34000015258789,1.61,0.025391680172879516,0.8099999999999996
2004-10-01,4.330671098551862,1044071300,16.270000457763672,1.76,0.03190914007571655,0.7400000000000002
2004-11-01,4.371266821768004,961601700,13.239999771118164,1.93,0.03621621621621607,0.6800000000000006
2004-12-01,4.399189975902128,909170200,13.289999961853027,2.16,0.033423180592991875,0.6800000000000006
2005-01-01,4.381226563420477,1184211500,12.819999694824219,2.28,0.028448738593666034,0.6599999999999993
2005-02-01,4.401914602829997,1025608400,12.079999923706055,2.5,0.030530262453133394,0.6200000000000001
2005-03-01,4.379531764818733,1330548800,14.020000457763672,2.63,0.032068412613575736,0.6599999999999993
2005-04-01,4.364539299110627,1633318500,15.3100004196167,2.79,0.03361792956243326,0.7199999999999998
2005-05-01,4.396255970471319,1334647300,13.289999961853027,3.0,0.02869287991498415,0.8599999999999994
2005-06-01,4.393741725563455,1089322900,12.039999961853027,3.04,0.02541026998411855,0.9000000000000004
2005-07-01,4.435317806090355,1176306400,11.569999694824219,3.26,0.03067160232681121,0.8900000000000006
2005-08-01,4.425898751889692,1306564800,12.600000381469727,3.5,0.03646934460887952,0.8700000000000001
2005-09-01,4.429644091168582,1287005000,11.920000076293945,3.62,0.04741833508956805,0.9000000000000004
2005-10-01,4.409956587137372,1784566400,15.319999694824219,3.78,0.04350104821802936,0.9500000000000002
2005-11-01,4.452970662837739,1183732800,12.0600004196167,4.0,0.03338549817423053,0.9699999999999998
2005-12-01,4.445768162614665,1073146800,12.069999694824219,4.16,0.03338549817423053,0.9500000000000002
2006-01-01,4.474785952905645,1233910800,12.949999809265137,4.29,0.04018789144050117,0.9500000000000002
2006-02-01,4.480494986510992,1145244400,12.34000015258789,4.49,0.0363825363825363,0.9199999999999999
2006-03-01,4.492895376311377,1350777100,11.390000343322754,4.59,0.03417918177110302,0.8799999999999999
2006-04-01,4.509417014095325,1300327900,11.59000015258789,4.79,0.03613835828600931,0.8399999999999999
2006-05-01,4.478832876797776,1752747100,16.440000534057617,4.94,0.03977272727272729,0.7999999999999998
2006-06-01,4.477027342629892,2163829300,13.079999923706055,4.99,0.041817243159525175,0.8900000000000006
2006-07-01,4.485906381148342,1691301400,14.949999809265137,5.24,0.041046690610569536,0.9100000000000001
2006-08-01,4.50749389738723,1420345400,12.3100004196167,5.25,0.03926568077511483,0.9100000000000001
2006-09-01,4.529749178483958,1363687900,11.979999542236328,5.25,0.02012072434607637,0.9199999999999999
2006-10-01,4.565167459378306,1443344100,11.100000381469727,5.25,0.014063284781516971,0.9100000000000001
2006-11-01,4.584857936363834,1502059900,10.90999984741211,5.25,0.01968702675416467,0.8700000000000001
2006-12-01,4.592584064083607,1212756800,11.5600004196167,5.24,0.025239777889954462,0.8999999999999995
2007-01-01,4.613068674433742,1330329900,10.420000076293945,5.25,0.020757651781234232,0.9399999999999995
2007-02-01,4.593256465781589,1494548900,15.420000076293945,5.26,0.02420260782347028,0.8900000000000006
2007-03-01,4.600820223467961,2918304400,14.640000343322754,5.26,0.027981972959439272,0.9699999999999998
2007-04-01,4.648121381876032,1791289900,14.220000267028809,5.25,0.025929247633283525,0.9199999999999999
2007-05-01,4.681478771731604,2508178000,13.050000190734863,5.25,0.02709885742672613,0.9199999999999999
2007-06-01,4.6624496625137635,3502885400,16.229999542236328,5.25,0.02692765113974227,0.9100000000000001
2007-07-01,4.634939404050511,3988676200,23.520000457763672,5.26,0.023178905864958077,0.9199999999999999
2007-08-01,4.6476906640260385,6195918600,23.3799991607666,5.02,0.01897448478900876,0.8600000000000003
2007-09-01,4.68094160582419,2967009200,18.0,4.94,0.028338264299802685,0.8499999999999996
2007-10-01,4.699149191198811,3850069600,18.530000686645508,4.76,0.03610698365527476,0.8200000000000003
2007-11-01,4.659646941564656,5472709900,22.8700008392334,4.49,0.04373267326732666,0.96
2007-12-01,4.6430292259547015,3293787500,22.5,4.24,0.04108813392417532,1.1600000000000001
2008-01-01,4.58595639743834,6106834300,26.200000762939453,3.94,0.04294695655165981,1.21
2008-02-01,4.559774016895767,4151028600,26.540000915527344,2.98,0.04142959270611968,1.29
2008-03-01,4.545852954822805,5462121800,25.610000610351562,2.61,0.03974903550134434,1.38
2008-04-01,4.597352614129357,4014652600,20.790000915527344,2.28,0.039037609759888126,1.42
2008-05-01,4.612356370055899,3646997000,17.829999923706055,1.98,0.04088413823123993,1.3599999999999994
2008-06-01,4.520091006487338,5408930000,23.950000762939453,2.0,0.04935966105947864,1.3900000000000006
2008-07-01,4.5160538507649495,7156206800,22.940000534057617,2.01,0.054975120783418374,1.4900000000000002
2008-08-01,4.531389789851719,4344355500,20.649999618530273,2.0,0.053080171620912386,1.5100000000000007
2008-09-01,4.426710395145893,8105188900,39.38999938964844,1.81,0.04953319875136075,1.6599999999999993
2008-10-01,4.251934320239892,11882352200,59.88999938964844,0.97,0.03731057889956513,2.6000000000000005
2008-11-01,4.179786953191524,8762237000,55.279998779296875,0.39,0.010999174706166848,3.0900000000000007
2008-12-01,4.181450560419953,6919927700,40.0,0.16,-0.0002222800255385904,3.38
2009-01-01,4.103853121549941,6872039400,44.84000015258789,0.15,-0.0011358601902212717,3.0900000000000007
2009-02-01,3.990181285813752,7275092500,46.349998474121094,0.22,8.463140671510772e-05,2.8100000000000005
2009-03-01,4.063071562446976,8813959700,44.13999938964844,0.18,-0.004464787676623838,2.92
2009-04-01,4.164918875035464,6023006600,36.5,0.15,-0.005763244243767063,3.000000000000001
2009-05-01,4.221727860947496,5195735600,28.920000076293945,0.18,-0.01015761495855172,2.5200000000000005
2009-06-01,4.215440157229248,5054855000,26.350000381469727,0.21,-0.012291746182109153,1.8899999999999997
2009-07-01,4.293026622001523,4295844600,25.920000076293945,0.16,-0.01958761003762277,1.6799999999999997
2009-08-01,4.329300296693511,3957574800,26.010000228881836,0.16,-0.014838355663267633,1.3200000000000003
2009-09-01,4.359391554332688,3777956700,25.610000610351562,0.15,-0.01377942862886472,1.1799999999999997
2009-10-01,4.344730825516122,4481700800,30.690000534057617,0.12,-0.002239682942003385,1.1399999999999997
2009-11-01,4.404514622043945,3430866200,24.510000228881836,0.12,0.019145871744709275,1.13
2009-12-01,4.418066062249327,2883885800,21.68000030517578,0.12,0.028141231232083674,1.1100000000000003
2010-01-01,4.386415905865729,3706842300,24.6200008392334,0.11,0.026211113889767157,0.9900000000000002
2010-02-01,4.417133568313787,4451912400,19.5,0.13,0.02151336357866529,0.9900000000000002
2010-03-01,4.472123033661693,3899688500,17.59000015258789,0.16,0.022861714393279886,1.0
2010-04-01,4.491583996826691,3887089700,22.049999237060547,0.2,0.022067707525304403,0.96
2010-05-01,4.408795170639331,7413878800,32.06999969482422,0.2,0.020035489292185682,1.0899999999999999
2010-06-01,4.350920961366236,5706059600,34.540000915527344,0.18,0.011215605940686268,1.3500000000000005
2010-07-01,4.421736774740728,4725402000,23.5,0.18,0.013407784804821077,1.29
2010-08-01,4.375713259647319,4541971600,26.049999237060547,0.19,0.011501775395112546,1.17
2010-09-01,4.456143292038125,4035642500,23.700000762939453,0.19,0.011183122472331775,1.13
2010-10-01,4.498972375316529,3767490800,21.200000762939453,0.19,0.011666951489314625,1.04
2010-11-01,4.498972375316529,3983708900,23.540000915527344,0.19,0.01084544776600338,1.0499999999999998
2010-12-01,4.5584400056804,2722749900,17.75,0.18,0.01437793022217937,1.08
2011-01-01,4.586718214748736,2860314700,19.530000686645508,0.17,0.017007834915029774,1.0499999999999998
2011-02-01,4.620865985775642,2820073500,18.350000381469727,0.16,0.02124898173333145,0.9300000000000006
2011-03-01,4.616651115790735,4787459400,17.739999771118164,0.14,0.02619241510354109,0.9000000000000004
2011-04-01,4.649535699510099,2812718500,14.75,0.1,0.030772344447868694,0.8599999999999994
2011-05-01,4.638258199841039,3337607300,15.449999809265137,0.09,0.034589718808965,0.8200000000000003
2011-06-01,4.616298903649324,4710433400,16.520000457763672,0.09,0.03502318150636041,0.7599999999999998
2011-07-01,4.601037282907971,3840768000,25.25,0.07,0.035798809769996165,0.8300000000000001
2011-08-01,4.544492366803333,9050451800,31.6200008392334,0.1,0.0375499603070808,0.9900000000000002
2011-09-01,4.467384062156319,6188283200,42.959999084472656,0.08,0.03812621692818685,1.1799999999999997
2011-10-01,4.5761357945590015,5721102000,29.959999084472656,0.07,0.035222681306640524,1.3900000000000001
2011-11-01,4.572063853425416,5013586000,27.799999237060547,0.08,0.03451432214581729,1.2699999999999996
2011-12-01,4.5761357945590015,3848636100,23.399999618530273,0.07,0.03062066838419386,1.3199999999999998
2012-01-01,4.627789325628002,2883821400,19.440000534057617,0.08,0.030087663379855023,1.3800000000000003
2012-02-01,4.67027922306143,2894582000,18.43000030517578,0.1,0.028981784423473878,1.2899999999999996
2012-03-01,4.697563490445211,3057516200,15.5,0.13,0.025828752813320977,1.2400000000000002
2012-04-01,4.69523843484927,3035644100,17.149999618530273,0.14,0.022731633741348567,1.2300000000000004
2012-05-01,4.633303646432451,4004156100,24.059999465942383,0.16,0.01737942937466075,1.2700000000000005
2012-06-01,4.667914930652918,3644886200,17.079999923706055,0.16,0.01653870448297634,1.3799999999999994
2012-07-01,4.684843468837126,2864743300,18.93000030517578,0.16,0.014175114798464783,1.4700000000000002
2012-08-01,4.70958676720524,2413590900,17.469999313354492,0.13,0.016859349154821235,1.4300000000000002
2012-09-01,4.729298067830588,2391233500,15.729999542236328,0.14,0.019497168982819613,1.3499999999999996
2012-10-01,4.716256587001916,2719915500,18.600000381469727,0.16,0.021556780595369363,1.1099999999999999
2012-11-01,4.721899674779832,3032769100,15.869999885559082,0.16,0.017960197033926262,1.0099999999999998
2012-12-01,4.723727864565014,2889875900,18.020000457763672,0.16,0.017595049796895523,0.98
2013-01-01,4.780717278717742,2587140200,14.279999732971191,0.14,0.01684061762098299,0.9300000000000006
2013-02-01,4.793396023462076,2581459300,15.510000228881836,0.15,0.020181404902574807,0.9499999999999997
2013-03-01,4.826225865855456,2330972300,12.699999809265137,0.14,0.015187472411246183,0.9199999999999995
2013-04-01,4.849693955427483,2907035000,13.520000457763672,0.15,0.01138808047576867,0.8599999999999999
2013-05-01,4.873029391681063,2781596000,16.299999237060547,0.11,0.013903888279197085,0.8400000000000003
2013-06-01,4.854317775231056,3533321800,16.860000610351562,0.09,0.017157935271568725,0.9200000000000008
2013-07-01,4.909981026071371,2330904500,13.449999809265137,0.09,0.01885471805415806,0.9800000000000004
2013-08-01,4.879529923004163,2283131700,17.010000228881836,0.08,0.01538809488600279,0.8799999999999999
2013-09-01,4.905823040297139,2226749600,16.600000381469727,0.08,0.010947341081747997,0.8300000000000001
2013-10-01,4.955952236310148,2901739000,13.75,0.09,0.00876799143491147,0.7799999999999994
2013-11-01,4.985158990813201,1930952900,13.699999809265137,0.08,0.012328701961954458,0.75
2013-12-01,5.005340642138173,2232775900,13.720000267028809,0.09,0.015128383667573297,0.7599999999999998
2014-01-01,4.974870646134459,2530650900,18.40999984741211,0.07,0.01557758795574915,0.7000000000000002
2014-02-01,5.019380814815221,2394184600,14.0,0.07,0.011204746347724948,0.6499999999999995
2014-03-01,5.023238441749277,2554084300,13.880000114440918,0.08,0.016126949139408042,0.6799999999999997
2014-04-01,5.034569890329898,2345902000,13.40999984741211,0.09,0.02015125303606169,0.6600000000000001
2014-05-01,5.057511192331372,1781093800,11.399999618530273,0.09,0.02166947687079812,0.5999999999999996
2014-06-01,5.073165459810655,1675047300,11.569999694824219,0.1,0.020589816945944195,0.5499999999999998
2014-07-01,5.06441708709464,1893710200,16.950000762939453,0.09,0.019742378703305974,0.5700000000000003
2014-08-01,5.103121481009767,1829885000,12.09000015258789,0.09,0.017150983482969062,0.6100000000000003
2014-09-01,5.084565703576782,2106462700,16.309999465942383,0.09,0.016840509711232077,0.6899999999999995
2014-10-01,5.112507279509515,3943068000,14.029999732971191,0.09,0.016095417021513292,0.7700000000000005
2014-11-01,5.139608738132666,1571091800,13.329999923706055,0.09,0.01231524989320798,0.8700000000000001
2014-12-01,5.131564687707128,3045171000,19.200000762939453,0.12,0.006531213919623191,0.9500000000000002
2015-01-01,5.10699149460479,3183506000,20.969999313354492,0.11,-0.002299309782054282,0.9900000000000002
2015-02-01,5.16167357404416,1901638100,13.34000015258789,0.11,-0.0008703146293520536,0.8999999999999999
2015-03-01,5.141389485374266,2749923000,15.289999961853027,0.11,-0.00022031284423873476,0.8999999999999999
2015-04-01,5.155629363983849,2036685200,14.550000190734863,0.12,-0.0010403098939391064,0.9600000000000004
2015-05-01,5.168403602791309,1892519900,13.84000015258789,0.12,0.0003503321824429584,0.9099999999999997
2015-06-01,5.143030024118832,2535242600,18.229999542236328,0.13,0.001795718097550525,0.9399999999999995
2015-07-01,5.170220139236287,2452758000,12.119999885559082,0.13,0.0022568611104094582,1.0499999999999998
2015-08-01,5.10733342995851,3734926900,28.43000030517578,0.14,0.002413037985344868,1.1500000000000004
2015-09-01,5.0763008044545606,3279512900,24.5,0.14,8.842961634170088e-05,1.2699999999999996
2015-10-01,5.163121293911379,2536184400,15.069999694824219,0.12,0.0012761656067050708,1.3899999999999997
2015-11-01,5.1667695661289565,1924512800,16.1299991607666,0.12,0.004363182169185187,1.4000000000000004
2015-12-01,5.143402259896093,2924882300,18.209999084472656,0.24,0.006387247515364791,1.4899999999999998
2016-01-01,5.098267443264963,3712950900,20.200000762939453,0.34,0.012375025026943876,1.4500000000000002
2016-02-01,5.0974415295352715,2920730800,20.549999237060547,0.38,0.008472775790126619,1.38
2016-03-01,5.1573970310213815,2323306500,13.949999809265137,0.36,0.008916160965521946,1.31
2016-04-01,5.166475133125546,1910635600,15.699999809265137,0.37,0.011726257503534843,1.17
2016-05-01,5.183343358713394,1828530900,14.1899995803833,0.37,0.010784764621246223,1.0299999999999998
2016-06-01,5.181626149496697,2612406900,15.630000114440918,0.38,0.010792865347959424,1.0300000000000002
2016-07-01,5.222635033273268,1648453700,11.869999885559082,0.39,0.008683633430518256,0.94
2016-08-01,5.223831914616621,1519703200,13.420000076293945,0.4,0.010553158595656864,0.9200000000000004
2016-09-01,5.218851084201195,2292393000,13.289999961853027,0.4,0.015486446201652182,0.8999999999999995
2016-10-01,5.206400873877228,1725687400,17.059999465942383,0.4,0.01685924966243646,0.8700000000000001
2016-11-01,5.242577184464048,2073824400,13.329999923706055,0.41,0.016843334719788938,0.8500000000000001
2016-12-01,5.256769203330598,1821910200,14.039999961853027,0.54,0.020507989115119862,0.7700000000000005
2017-01-01,5.280382608870087,1482408500,11.989999771118164,0.65,0.025103933482571117,0.7400000000000002
2017-02-01,5.318921805904575,1365136600,12.920000076293945,0.66,0.028103616813294208,0.6899999999999995
2017-03-01,5.315830051526847,1921474100,12.369999885559082,0.79,0.0244119623655914,0.6699999999999999
2017-04-01,5.330047963960271,1549613700,10.819999694824219,0.9,0.02176223471915395,0.7000000000000002
2017-05-01,5.344062330765139,1492547000,10.40999984741211,0.91,0.018563431667619756,0.6999999999999997
2017-06-01,5.345552177786487,1572753000,11.180000305175781,1.04,0.01640565809959127,0.69
2017-07-01,5.37076292948414,1055908800,10.260000228881836,1.15,0.017251073506566073,0.6899999999999995
2017-08-01,5.373676435854031,1557031500,10.59000015258789,1.16,0.0192812155729698,0.6799999999999997
2017-09-01,5.388674992285784,1286405100,9.510000228881836,1.15,0.021805652303711787,0.6699999999999999
2017-10-01,5.416916041702292,1320624600,10.180000305175781,1.15,0.02020757753132485,0.7200000000000002
2017-11-01,5.447024090559866,1365620900,11.279999732971191,1.16,0.02172493864295566,0.6999999999999997
2017-12-01,5.453980639099726,1715222900,11.039999961853027,1.3,0.021299307195522532,0.71
2018-01-01,5.513907314612294,1985506700,13.539999961853027,1.41,0.02151318868063945,0.71
2018-02-01,5.47686964693664,2923722000,19.850000381469727,1.42,0.02263468931091861,0.69
2018-03-01,5.445079169352959,2323561800,19.969999313354492,1.51,0.023309497646499366,0.7699999999999996
2018-04-01,5.4542310177947275,1998466500,15.930000305175781,1.69,0.024709963021052994,0.8199999999999998
2018-05-01,5.478249532833049,1606397200,15.430000305175781,1.7,0.02781921607842497,0.8300000000000001
2018-06-01,5.479503661052175,1599001000,16.09000015258789,1.82,0.028075506935940187,0.8700000000000001
2018-07-01,5.520360520166246,1266892500,12.829999923706055,1.91,0.02854124785561929,0.9199999999999999
2018-08-01,5.551781480482294,1308443700,12.859999656677246,1.91,0.026429238568742575,0.8899999999999997
2018-09-01,5.553192934366543,1228103300,12.119999885559082,1.95,0.02332055105808828,0.8999999999999999
2018-10-01,5.48610168976511,3024345800,21.229999542236328,2.19,0.02492032470218053,0.9300000000000006
2018-11-01,5.5044812724155046,2021061200,18.06999969482422,2.2,0.02147328577667773,1.0
2018-12-01,5.406489888552593,3102780500,25.420000076293945,2.27,0.020023809043401064,1.1100000000000003
2019-01-01,5.489334312968517,2048691700,16.56999969482422,2.4,0.014875893578291333,1.19
2019-02-01,5.521235978014395,1371716300,14.779999732971191,2.4,0.015188615351321877,1.1600000000000001
2019-03-01,5.5347792435864935,1678081300,13.710000038146973,2.41,0.018831863513063984,1.0699999999999998
2019-04-01,5.579214464362943,1209204700,13.119999885559082,2.42,0.020005834702090608,1.0100000000000002
2019-05-01,5.51331903683706,1845593200,18.709999084472656,2.39,0.017959105553606136,0.96
2019-06-01,5.575739388404995,1340435600,15.079999923706055,2.38,0.01671194894390049,1.04
2019-07-01,5.595597584847013,1110102300,16.1200008392334,2.4,0.01826331335037068,0.9900000000000002
2019-08-01,5.578712439889195,2034004800,18.979999542236328,2.13,0.017376412106666406,0.8900000000000001
2019-09-01,5.593376223858898,1303830000,16.239999771118164,2.04,0.016844977040391562,0.8800000000000003
2019-10-01,5.619847194367663,1386748300,13.220000267028809,1.83,0.017339736996186295,0.9100000000000001
2019-11-01,5.655405722944867,1037123500,12.619999885559082,1.55,0.020922903948629168,0.8799999999999999
2019-12-01,5.6791426052224105,1285175800,13.779999732971191,1.55,0.023195274699624457,0.8700000000000001
2020-01-01,5.683643187913385,1392003800,18.84000015258789,1.55,0.02599767976845202,0.8300000000000001
2020-02-01,5.601168044895956,2110214900,40.11000061035156,1.58,0.023413166797595197,0.8300000000000001
2020-03-01,5.461920691701942,5926017600,53.540000915527344,0.65,0.014940399642909163,1.27
2020-04-01,5.587328206675808,2819312300,34.150001525878906,0.05,0.003130472940411133,1.6999999999999997
2020-05-01,5.633873220109369,1910460500,27.510000228881836,0.05,0.001982013035848551,1.4500000000000002
2020-06-01,5.647061300059289,2358674500,30.43000030517578,0.08,0.007166562831830481,1.2000000000000002
2020-07-01,5.708675574227175,1505145300,24.459999084472656,0.09,0.009968647625897997,1.17
2020-08-01,5.776144393257806,1045563300,26.40999984741211,0.1,0.012810698495523853,1.02
2020-09-01,5.733986480919366,1814712700,26.3700008392334,0.09,0.013910228912373812,1.0499999999999998
2020-10-01,5.712731872057704,1629016100,38.02000045776367,0.09,0.012303863428671624,1.0899999999999999
2020-11-01,5.815989373304169,1535244300,20.56999969482422,0.09,0.011757452138405844,1.0
2020-12-01,5.848114425949679,1344541500,22.75,0.09,0.013204191315779434,0.9000000000000004
2021-01-01,5.842125006187038,1402265400,33.09000015258789,0.09,0.013738437137002402,0.79
2021-02-01,5.8695511939527085,1307806200,27.950000762939453,0.08,0.016698167791706853,0.7199999999999998
2021-03-01,5.910680273496237,2401715800,19.399999618530273,0.07,0.026678187820641908,0.7000000000000002
2021-04-01,5.965508405048226,1462106600,18.610000610351562,0.07,0.04133077115360573,0.7000000000000002
2021-05-01,5.972052804099944,1547235900,16.760000228881836,0.06,0.04918257089467626,0.6600000000000001
2021-06-01,5.990966376166441,1282152400,15.829999923706055,0.08,0.05295632620349999,0.6499999999999999
2021-07-01,6.018351792055734,1422104700,18.239999771118164,0.1,0.05245169381309234,0.6700000000000004
2021-08-01,6.047677308270871,1254001400,16.479999542236328,0.09,0.05152015301793966,0.6900000000000004
2021-09-01,5.996752360794169,1745559600,23.139999389648438,0.08,0.05351215590949132,0.7000000000000002
2021-10-01,6.067762529498064,1508665200,16.260000228881836,0.08,0.06235042390298062,0.6699999999999999
2021-11-01,6.059695165263038,1335351500,27.190000534057617,0.08,0.06901970403700863,0.6599999999999997
2021-12-01,6.10139845876335,1927433900,17.219999313354492,0.08,0.07174340285065539,0.6499999999999999
2022-01-01,6.050722412153015,2485167800,24.829999923706055,0.08,0.07558805726967832,0.6499999999999999
2022-02-01,6.020760878549563,2297975100,30.149999618530273,0.08,0.07937278766517819,0.7200000000000002
2022-03-01,6.054560406328703,2380929500,20.559999465942383,0.2,0.08572204966013852,0.8599999999999999
2022-04-01,5.965800187194489,1856757400,33.400001525878906,0.33,0.08231750770777224,0.9000000000000004
2022-05-01,5.968054692212086,2418478100,26.190000534057617,0.77,0.08538171195642064,0.9900000000000002
2022-06-01,5.877684575904784,1958611900,28.709999084472656,1.21,0.08979361103105798,1.0299999999999994
2022-07-01,5.9700860663799915,1437748400,21.329999923706055,1.68,0.08462576727730098,1.1500000000000004
2022-08-01,5.928428396195839,1443394400,25.8700008392334,2.33,0.08222579178218825,1.08
2022-09-01,5.827326786611867,1998908600,31.6200008392334,2.56,0.08192106896425821,1.1000000000000005
2022-10-01,5.909567660008732,2024732000,25.8799991607666,3.08,0.07758813957693,1.1600000000000001
2022-11-01,5.963668774167134,1745985300,20.579999923706055,3.78,0.07122856456533988,1.17
2022-12-01,5.899732043338813,1735973600,21.670000076293945,4.1,0.06404600402357152,1.1600000000000001
2023-01-01,5.965302689354028,1575450100,19.399999618530273,4.33,0.06327178517960097,1.0999999999999996
2023-02-01,5.939838555781379,1603094700,20.700000762939453,4.57,0.05957820738137087,1.0300000000000002
2023-03-01,5.9724360768619995,2515995800,18.700000762939453,4.65,0.04917719362889961,1.1100000000000003
2023-04-01,5.992094307873483,1395780500,15.779999732971191,4.83,0.049500798791243694,1.0600000000000005
2023-05-01,5.996699842440433,1780909100,17.940000534057617,5.06,0.04131851231385042,1.0999999999999996
2023-06-01,6.055778715039178,1749901500,13.59000015258789,5.08,0.03070617072997095,1.0999999999999996
2023-07-01,6.091695627185596,1374698500,13.630000114440918,5.12,0.03287749268428297,1.08
2023-08-01,6.075309900429694,1754892500,13.569999694824219,5.33,0.03722504803505289,1.0699999999999994
2023-09-01,6.0231924098058744,1588981600,17.520000457763672,5.33,0.03687206638119256,1.0300000000000002
2023-10-01,6.004765813202204,1999294400,18.139999389648438,5.33,0.032512659098611785,1.0199999999999996
2023-11-01,6.092175598865718,1500017600,12.920000076293945,5.33,0.031333462745911866,1.0099999999999998
2023-12-01,6.132773263590164,1643624300,12.449999809265137,5.33,0.033159099427102934,0.8999999999999995
2024-01-01,6.152620357734636,1700872500,14.350000381469727,5.33,0.030883429864855705,0.8099999999999996
2024-02-01,6.203491113171263,1393307200,13.399999618530273,5.33,0.03157074141648697,0.7399999999999993
2024-03-01,6.232567621516148,1473501100,13.010000228881836,5.33,0.034868349120836584,0.7400000000000002
2024-04-01,6.194514687885866,1593138700,15.649999618530273,5.33,0.033607951262196734,0.7199999999999998
2024-05-01,6.2438568177022065,1153206200,12.920000076293945,5.33,0.03244278584003113,0.7000000000000002
2024-06-01,6.275308085045687,888367600,12.4399995803833,5.33,0.029702579486470926,0.6900000000000004
2024-07-01,6.290565285713698,1038465500,16.360000610351562,5.33,0.029414757935583014,0.7199999999999998
2024-08-01,6.313661927855635,1244599000,15.0,5.33,0.02607144490692037,0.7299999999999995
2024-09-01,6.3313865063451935,1044988300,16.729999542236328,5.13,0.024264830315416708,0.7400000000000002
2024-10-01,6.325485618362657,976068800,23.15999984741211,4.83,0.02578844053871343,0.6799999999999997
2024-11-01,6.383408582047264,901760600,13.510000228881836,4.64,0.02719472461284833,0.6400000000000006
2024-12-01,6.3556942104028415,1059516700,17.350000381469727,4.48,0.028706909675099812,0.5999999999999996
