date,value,log_deaths,vaccinated
2020-01-06,1.2049723046590195,0.2876820724517809,0.0
2020-01-13,2.122090437827185,0.14965077450440595,0.0
2020-01-20,3.9262639768613443,0.871890916006016,0.0
2020-01-27,6.19245012805343,2.6521347119901892,0.0
2020-02-03,7.603571038572791,3.913735823431821,0.0
2020-02-10,8.148244456214199,4.446994751022215,0.0
2020-02-17,8.304125493487097,4.794786499798781,0.0
2020-02-24,7.171204668773845,4.564333310404733,0.0
2020-03-02,7.262469301570676,4.3477493966733824,0.0
2020-03-09,8.218396243625834,4.902519663842009,0.0
2020-03-16,9.296280425303495,6.261254469710236,0.0
2020-03-23,10.245373831236217,7.4043808431474165,0.0
2020-03-30,10.869622178925129,8.155250930098154,0.0
2020-04-06,11.124299964293526,8.609898162427372,0.0
2020-04-13,11.219296238440798,8.83319467147016,0.0
2020-04-20,11.199710118099489,8.857157283591256,0.0
2020-04-27,11.255342280048097,8.74484200733923,0.0
2020-05-04,11.273167658096352,8.671058687725399,0.0
2020-05-11,11.334637442528354,8.613438258752323,0.0
2020-05-18,11.396225583561856,8.54451871116919,0.0
2020-05-25,11.514795928847196,8.50448015064918,0.0
2020-06-01,11.575944367786803,8.476112234796764,0.0
2020-06-08,11.710550561065611,8.515628253253311,0.0
2020-06-15,11.787361158099896,8.534006481142146,0.0
2020-06-22,11.917933049382768,8.582262643013856,0.0
2020-06-29,12.037218945777465,8.564197544286367,0.0
2020-07-06,12.164504286239492,8.565213535540716,0.0
2020-07-13,12.241016568272133,8.634079317032528,0.0
2020-07-20,12.338518643076515,8.720340894482588,0.0
2020-07-27,12.433005818577309,8.76398250791566,0.0
2020-08-03,12.478910055959869,8.767516461995926,0.0
2020-08-10,12.482258467167185,8.780721613154455,0.0
2020-08-17,12.49898795425426,8.755367667405572,0.0
2020-08-24,12.474416551200147,8.712292995641588,0.0
2020-08-31,12.506665616059019,8.681824673616662,0.0
2020-09-07,12.553296715316472,8.662410289448227,0.0
2020-09-14,12.55154133327157,8.714849191402843,0.0
2020-09-21,12.610191071077812,8.621807228528269,0.0
2020-09-28,12.615431714702673,8.591612115219483,0.0
2020-10-05,12.642611621180844,8.59037222203326,0.0
2020-10-12,12.744432572859663,8.602778838249757,0.0
2020-10-19,12.851175983353551,8.620213828835738,0.0
2020-10-26,13.018003636994335,8.744858845451251,0.0
2020-11-02,13.143265165108204,8.891130283462925,0.0
2020-11-09,13.226716921665163,9.055658884628869,0.0
2020-11-16,13.270302764581245,9.160369511058589,0.0
2020-11-23,13.28013689823954,9.264820846191562,0.0
2020-11-30,13.267744642145287,9.301106085473775,0.0
2020-12-07,13.31144979370887,9.34240856965289,0.0
2020-12-14,13.354748953336516,9.379844058309455,0.0071428571428571435
2020-12-21,13.369630327909125,9.406142207780428,0.037142857142857144
2020-12-28,13.28944752754959,9.37394026702013,0.08714285714285715
2021-01-04,13.341007449799859,9.429712018593424,0.17857142857142858
2021-01-11,13.476150613926466,9.500761083786628,0.3385714285714286
2021-01-18,13.430660688071056,9.580619754456444,0.5142857142857143
2021-01-25,13.294384588740007,9.59937736983848,0.7242857142857143
2021-02-01,13.165544608222469,9.557407710324734,0.9385714285714286
2021-02-08,13.001635368496553,9.44128529898488,1.195714285714286
2021-02-15,12.857504408032312,9.33932783155588,1.4857142857142858
2021-02-22,12.786297298289988,9.178556723742105,1.81
2021-03-01,12.85256003980341,9.113037622608712,2.23
2021-03-08,12.888381607788668,9.064804973804527,2.7257142857142855
2021-03-15,12.973334230110911,9.07354750325064,3.2842857142857143
2021-03-22,13.093480249786122,9.121247921964542,3.912857142857143
2021-03-29,13.223555448298336,9.210340514833316,4.594285714285713
2021-04-05,13.299309050470738,9.294527753336283,5.405714285714285
2021-04-12,13.407613767139264,9.358466245171952,6.217142857142858
2021-04-19,13.537119828889777,9.424365101494873,6.890000000000001
2021-04-26,13.609315018939233,9.48462376018966,7.5600000000000005
2021-05-03,13.603248154158965,9.520671856121695,8.151428571428571
2021-05-10,13.55068202081228,9.47903761764177,8.805714285714286
2021-05-17,13.422890069118026,9.432402767623604,9.51142857142857
2021-05-24,13.285718413410477,9.405817865819666,10.301428571428572
2021-05-31,13.113799967274682,9.307731631584241,11.164285714285715
2021-06-07,12.95305352573544,9.193729602420863,16.607142857142858
2021-06-14,12.837374862638205,9.210420083084882,20.99142857142857
2021-06-21,12.80596152438624,9.088101226163387,22.2
2021-06-28,12.844249037400328,8.982489149804918,23.46857142857143
2021-07-05,12.911803225563105,8.947248514305514,24.56
2021-07-12,13.073183715390458,8.966533183517459,25.608571428571427
2021-07-19,13.158439629941112,9.026079392860836,26.60571428571429
2021-07-26,13.20785635697373,9.195827278966163,27.722857142857144
2021-08-02,13.300808250991341,9.146115249343218,28.997142857142855
2021-08-09,13.359335642349832,9.196402692202561,30.27285714285714
2021-08-16,13.380599506460053,9.209647989477588,31.524285714285718
2021-08-23,13.394519424633021,9.229480875354788,35.93571428571429
2021-08-30,13.382308806759504,9.21636703226487,39.64857142857143
2021-09-06,13.327888703820161,9.168443990985613,41.18571428571429
2021-09-13,13.229500775471163,9.094899697990348,42.47714285714285
2021-09-20,13.167163988437231,9.05797110449134,43.714285714285715
2021-09-27,13.108310655956297,8.969094857131315,44.90428571428571
2021-10-04,12.99741448787737,8.909783777388268,45.9
2021-10-11,12.950310946470454,8.833861225229825,46.75285714285714
2021-10-18,12.934715898460778,8.802635686457087,47.71857142857142
2021-10-25,12.976136511083798,8.865418336140893,48.58857142857143
2021-11-01,13.012341394924476,8.88690794627176,49.36142857142857
2021-11-08,13.03986324320628,8.862021034770903,50.16571428571428
2021-11-15,13.13176488724432,8.896230229517624,51.55285714285714
2021-11-22,13.227925874091184,8.952035115720667,53.14857142857143
2021-11-29,13.275612582453842,8.888162679799619,54.04571428571428
2021-12-06,13.323366945510182,8.938012203706268,54.832857142857144
2021-12-13,13.344262655503018,8.862694138127388,55.46142857142858
2021-12-20,13.459049527879035,8.81725820636382,56.105714285714285
2021-12-27,13.774068448593495,8.791094385110645,57.00428571428571
2022-01-03,14.298320925274476,8.72582162048053,57.81142857142857
2022-01-10,14.713235574279997,8.803581069616948,58.77285714285715
2022-01-17,14.917599061874665,8.939765420454545,59.49571428571429
2022-01-24,15.02765958129902,9.071052688551038,60.02571428571429
2022-01-31,15.001830888117164,9.195825539617934,60.464285714285715
2022-02-07,14.83252289442399,9.29210441049618,60.892857142857146
2022-02-14,14.608993794053452,9.28577697131786,61.34285714285714
2022-02-21,14.404203455764085,9.183910443984118,61.92714285714286
2022-02-28,14.270083721659153,9.02928310134984,62.51571428571429
2022-03-07,14.270180631274856,8.889044391204468,62.792857142857144
2022-03-14,14.345074050775874,8.708080339518677,63.05571428571428
2022-03-21,14.369503970744823,8.535124881926114,63.33142857142857
2022-03-28,14.24595250586225,8.738748739663595,63.62571428571429
2022-04-04,14.073395717189054,8.231288966228469,63.848571428571425
2022-04-11,13.813446466334916,8.068976997143583,64.02857142857142
2022-04-18,13.58443157386503,7.899592295081887,64.14857142857143
2022-04-25,13.39622934624404,7.7808157616743765,64.39
2022-05-02,13.241964774077909,7.721303652134091,64.53285714285714
2022-05-09,13.169366519950982,7.5010347671795845,64.68714285714286
2022-05-16,13.240324025223247,7.367952049224984,64.78714285714285
2022-05-23,13.184858305577505,7.301796332744686,64.9057142857143
2022-05-30,13.084141621355784,7.283335388795466,65.02285714285715
2022-06-06,13.062567054061123,7.191184033172152,65.17857142857143
2022-06-13,13.138976683321253,7.198028634016502,65.28142857142858
2022-06-20,13.227494891700488,7.197417176001516,65.46714285714286
2022-06-27,13.415206296178427,7.31771313670242,65.60142857142857
2022-07-04,13.562181935003483,7.405447898272381,65.73571428571428
2022-07-11,13.731028586083939,7.510856613073444,65.92428571428572
2022-07-18,13.816436269361235,7.665608154205381,66.09142857142857
2022-07-25,13.84064257365453,7.779577494898368,66.23571428571428
2022-08-01,13.839183634976955,7.832670427713193,66.46571428571428
2022-08-08,13.782862144428233,7.805591046482933,66.7
2022-08-15,13.610141363409538,7.802518227762777,66.8442857142857
2022-08-22,13.53687228394855,7.726331113463419,66.95857142857143
2022-08-29,13.41669591497919,7.670941450322057,67.05857142857143
2022-09-05,13.2912880838905,7.569192101506329,67.17428571428572
2022-09-12,13.05971551736395,7.387811779792445,67.24
2022-09-19,13.084652021968806,7.327364645680287,67.34
2022-09-26,13.03904086609786,7.277670186499145,67.42999999999999
2022-10-03,13.0418157210752,7.2996612571095625,67.49571428571429
2022-10-10,13.03667760971801,7.373477434356687,67.64428571428572
2022-10-17,13.012547870453039,7.361984247058905,67.79285714285714
2022-10-24,12.915460138981222,7.429269009468261,67.86571428571429
2022-10-31,12.788266477435984,7.4008718766244925,68.03142857142858
2022-11-07,12.726903894235862,7.353890598663536,68.13714285714285
2022-11-14,12.79256475857579,7.212354517266277,68.28
2022-11-21,12.871805422517099,7.212293414981033,68.36999999999999
2022-11-28,12.973096950171904,7.285478152937024,68.49285714285715
2022-12-05,13.103295725376215,7.315736267227139,68.72
2022-12-12,13.677152449752674,7.533320836673148,68.93142857142858
2022-12-19,14.822286192670008,7.703230166595916,69.00428571428571
2022-12-26,15.604375062011881,8.054984020587632,69.01285714285714
2023-01-02,15.101963522412051,8.404490869902471,69.05142857142857
2023-01-09,14.183084278878525,8.080831224839866,69.13571428571429
2023-01-16,13.384307617410158,7.335235318004918,69.19428571428571
2023-01-23,12.736033077011824,7.216887780023407,69.29142857142857
2023-01-30,12.297917842194925,7.8045188770368705,69.31857142857143
2023-02-06,12.181432161223956,9.075716954738338,69.38714285714285
2023-02-13,12.079020519093545,7.2532236633427045,69.45
2023-02-20,11.996571813031673,7.094605850004722,69.52714285714286
2023-02-27,11.93402783325051,6.999090034781786,69.56428571428572
2023-03-06,11.878952124984485,6.895864867388789,69.5957142857143
2023-03-13,11.756016966354085,6.8164682810318595,69.63857142857144
2023-03-20,11.73339962806434,6.855476536794344,69.75285714285714
2023-03-27,11.681277942620028,6.850770631556536,69.78
2023-04-03,11.628137541398527,6.741532017920609,69.84142857142857
2023-04-10,11.513187230706588,6.679932942058308,69.85285714285713
2023-04-17,11.51426926167087,6.6207301335636775,69.90714285714286
2023-04-24,11.554964455792838,6.611086278122653,69.94857142857143
2023-05-01,11.47490059650958,6.51782741180869,70.02142857142857
2023-05-08,11.36438896278072,6.526375630543192,70.04
2023-05-15,11.251652904377151,6.521014485907961,70.04142857142857
2023-05-22,10.870852776290882,6.0060117924052125,70.06714285714285
2023-05-29,10.787555342784541,5.952668029685254,70.17714285714285
2023-06-05,10.627030321057102,5.844186033097912,70.21857142857142
2023-06-12,10.526102245886408,5.803360590129372,70.2357142857143
2023-06-19,9.984439890326763,5.561692109321309,70.27142857142857
2023-06-26,10.264990871090665,5.37660028494208,70.28142857142858
2023-07-03,10.139886574908788,5.090862600115084,70.29
2023-07-10,10.182873269491648,5.016712031367664,70.29
2023-07-17,10.301872560544595,4.9118877848667095,70.30571428571429
2023-07-24,10.521391539899628,4.998186702329262,70.40857142857143
2023-07-31,10.880625725098229,5.1234876755123775,70.41428571428571
2023-08-07,11.392521101992571,5.395865300452262,70.44142857142857
2023-08-14,10.061980606919901,5.303326229793386,70.45142857142858
2023-08-21,10.807048546868106,5.5144305483410365,70.47
2023-08-28,10.832476068107614,5.662960480135946,70.47
2023-09-04,10.745211253058855,5.646097871983018,70.48
2023-09-11,10.34230587312062,5.7875982750347905,70.48285714285714
2023-09-18,9.773284899220727,5.791278654744736,70.50285714285714
2023-09-25,9.90208435422798,5.830272468047147,70.52285714285713
2023-10-02,10.029984511444365,5.899783844205125,70.54
2023-10-09,10.067053665688517,5.941610066754965,70.54
2023-10-16,9.96995076045379,5.986193536852046,70.54
2023-10-23,9.909998098576603,6.294290301561337,70.54
2023-10-30,9.935143253222991,5.75553875708634,70.54142857142857
2023-11-06,10.03758759594814,5.863213068723079,70.55
2023-11-13,10.15168763627657,5.979959329473225,70.55857142857143
2023-11-20,10.315073225050696,5.988850418964694,70.56
2023-11-27,10.458527868537976,6.006356678244381,70.56857142857142
2023-12-04,10.627729387213227,6.172597898265127,70.57
2023-12-11,10.789399486063807,6.22778941335546,70.57
2023-12-18,10.896820909519937,6.264529595182621,70.58142857142856
2023-12-25,10.799908291416514,6.2700617266071585,70.61
2024-01-01,10.497135064626809,6.334038031167041,70.61
2024-01-08,10.24661620841043,6.407820138047319,70.61
2024-01-15,10.156965582985361,6.352236088521277,70.61
2024-01-22,9.864295998957703,6.231406216698073,70.61
2024-01-29,9.696861125113028,6.045786998962056,70.61
2024-02-05,9.552829673779595,5.862526669752127,70.61
2024-02-12,9.432724778069705,5.748947026610574,70.61
2024-02-19,9.324590826201206,5.576419771585326,70.61
2024-02-26,9.29122017973311,5.531196232673258,70.61
2024-03-04,9.215271053306392,5.4797158784194515,70.61
2024-03-11,9.064405846920264,5.331848849756829,70.61
2024-03-18,9.00414418509579,5.24755776430796,70.61
2024-03-25,9.053655316664065,5.157510592812359,70.61
2024-04-01,9.601723362286304,4.954840655773941,70.61
2024-04-08,8.659043386655458,4.855395132109893,70.61
2024-04-15,8.621247625949891,4.76567208264212,70.61
2024-04-22,8.449806274591463,4.61690110886379,70.61
2024-04-29,8.49682399793746,4.5173376927539906,70.61
2024-05-06,8.422944362465493,4.470789453184456,70.61
2024-05-13,8.51526418923012,4.332311042427949,70.61
2024-05-20,8.580927192585818,4.260665777669614,70.61
2024-05-27,8.44610895086729,4.321556018855057,70.61
2024-06-03,8.518465809865186,4.27151398062636,70.61
2024-06-10,8.540965241045694,4.322087046025782,70.61
2024-06-17,8.555797230948937,4.41834134377025,70.61
2024-06-24,8.612024035578367,4.603912252263975,70.61
2024-07-01,8.80331325885884,4.563737886221852,70.61
2024-07-08,8.812077621650644,4.6339519874135435,70.61
2024-07-15,8.819291139727378,4.680834089909081,70.61
2024-07-22,8.925481928377346,4.79850233173065,70.61
2024-07-29,8.964789973183262,4.854560542206723,70.61
