date,value,suicide_rate,tertiary_enrollment
2004-01-01,31.523585398772155,24.81513763645474,67.48650834240688
2005-01-01,36.64484910651096,25.0,70.2442032734525
2006-01-01,53.55641786285908,25.0,70.98477005910684
2007-01-01,56.33416032388719,25.0,75.93800685665974
2008-01-01,37.91035074176061,25.0,78.86495056564986
2009-01-01,34.17807834831952,25.0,80.0
2010-01-01,35.39281703994998,25.0,80.0
2011-01-01,31.891072274760987,25.0,80.0
2012-01-01,38.411128617488,25.0,80.0
2013-01-01,44.54849885037764,25.0,80.0
2014-01-01,65.5832713860686,25.0,80.0
2015-01-01,75.3938252721353,25.0,80.0
2016-01-01,76.85786825132719,25.0,80.0
2017-01-01,80.88259101072663,25.0,80.0
2018-01-01,71.64857082862915,25.0,80.0
2019-01-01,58.038011000554036,25.0,80.0
2020-01-01,60.212417178481374,25.0,80.0
2021-01-01,55.401425112028214,25.0,80.0
2022-01-01,72.54748186882293,25.0,80.0
2023-01-01,79.75037044506873,25.0,80.0
