date,gdp_pc,unemployment,value
1996-12-31,25191.4,7.503,0.014392745163936045
1997-12-31,25874.4,7.515,0.0
1998-12-31,26498.2,7.36,0.10786252220325648
1999-12-31,27228.1,7.219,0.23510673506898808
2000-12-31,28116.5,6.729,0.04615881144369899
2001-12-31,28370.1,6.686,0.05903717483782705
2002-12-31,28684.1,6.999,0.3187913644929969
2003-12-31,29073.0,7.102,0.27658858266011704
2004-12-31,29770.0,6.924,0.17261016865684495
2005-12-31,30358.5,6.891,0.3190521442132084
2006-12-31,31256.4,6.646,0.24504182042364975
2007-12-31,32161.0,6.457,0.28567879772161536
2008-12-31,31903.8,7.239,0.45219289164233145
2009-12-31,31070.5,9.262,0.4485993228595906
2010-12-31,32262.0,9.63,0.609847241840713
2011-12-31,33127.8,8.653,0.6591339247541299
2012-12-31,33673.4,8.073,0.5700464216946565
2013-12-31,34301.2,7.371,0.6579174828660389
2014-12-31,35129.5,6.167,0.41984821348011403
2015-12-31,35918.3,5.305,0.3032883375755577
2016-12-31,36707.2,4.876,0.6060285087001176
2017-12-31,37463.0,4.376,0.4127008172959648
2018-12-31,38268.4,3.917,0.4389181821321226
2019-12-31,39024.8,3.659,0.30101900418049643
2020-12-31,38769.1,8.067,1.0
2021-12-31,39912.3,5.367,0.7720744642528544
2022-12-31,41174.3,3.662,0.4912270417400346
2023-12-31,42164.3,3.707,0.733226063852698
