date,value,internet_users,broadband,secure_servers,gdp_pc,gdp_growth
1985-01-01,0.0159033980583526,15.6,3.4,185.164077160998,6213.46773026879,3.67368589707029
1986-01-01,0.0296054334675087,15.6,3.4,185.164077160998,6304.79364272511,3.28909654382765
1987-01-01,0.0509862421679631,15.6,3.4,185.164077160998,6422.93077166656,3.71657066554678
1988-01-01,0.085113214682445,15.6,3.4,185.164077160998,6595.34370575744,4.52550680632093
1989-01-01,0.14208967899789,15.6,3.4,185.164077160998,6718.39516299762,3.66704385911409
1990-01-01,0.211594271247073,15.6,3.4,185.164077160998,6783.2055889084,2.74043123173104
1991-01-01,0.302299140293289,15.6,3.4,185.164077160998,6753.43776156539,1.23795463953581
1992-01-01,0.427741587995374,15.6,3.4,185.164077160998,6782.57525009389,2.08330128141716
1993-01-01,0.61917529433752,15.6,3.4,185.164077160998,6801.90819639893,1.88997754116691
1994-01-01,0.991495034555743,15.6,3.4,185.164077160998,6925.66162192226,3.39430880680132
1995-01-01,1.58624957062705,15.6,3.4,185.164077160998,7038.15080503049,3.16459831490941
1996-01-01,2.49966341127963,15.6,3.4,185.164077160998,7183.18047671902,3.59262581167515
1997-01-01,3.65525621935149,15.6,3.4,185.164077160998,7359.52415187358,3.96560649440363
1998-01-01,5.33358304332039,15.6,3.4,185.164077160998,7459.91066703473,2.83211105781132
1999-01-01,8.12312872482729,15.6,3.4,185.164077160998,7619.75713179924,3.58036735454222
2005-01-01,33.9,15.6,3.4,185.164077160998,8618.44740525166,4.05453629039749
2006-01-01,41.7,17.2,4.3,185.164077160998,8890.47332913351,4.47616958858073
2007-01-01,50.6,20.2,5.2,185.164077160998,9166.56507078682,4.41384473328112
2008-01-01,59.7,22.8,6.1,185.164077160998,9240.5056265252,2.09239458384161
2009-01-01,68.0,25.3,6.9,185.164077160998,9005.17592406812,-1.31864911944238
2010-01-01,76.6,28.4,7.6,185.164077160998,9298.74987325048,4.52424032554684
2011-01-01,84.2,30.9,8.6,236.091480976979,9492.82945551876,3.33900335400304
2012-01-01,88.5,33.3,9.2,321.041195629422,9630.06477941676,2.73120979279709
2013-01-01,93.1,35.3,9.7,365.95369816143,9786.8793911809,2.88814205849093
2014-01-01,96.7,37.4,10.1,444.365762169528,9972.48234099611,3.13301748764181
2015-01-01,96.1,39.9,11.3,565.476443652722,10161.9445773234,3.11378907834427
2016-01-01,99.3,43.6,12.2,1249.83665247433,10324.8400705021,2.7935920724707
2017-01-01,101.4,46.3,13.5,3470.23205153576,10561.1001052909,3.45183009055702
2018-01-01,103.1,49.4,14.0,6087.26216769633,10789.6668089725,3.27395826417857
2019-01-01,105.9,53.9,14.7,9854.54111925628,10963.6816310515,2.67911757479926
2020-01-01,104.8,60.1,15.58,11367.2152867449,10541.8118545305,-2.89922310337025
2021-01-01,106.7,63.8,16.74,12808.7949004505,11124.7495292116,6.4133496154197
2022-01-01,108.0,67.0,17.73,14529.2692514721,11403.9410808157,3.40305483746891
