date,value
2020-03-01,-42.13358265002783
2020-03-02,-33.12966286039629
2020-03-03,-27.663588273863844
2020-03-04,-30.80861640754223
2020-03-05,-44.48006521861439
2020-03-06,-49.86181671141164
2020-03-07,-41.924089536778055
2020-03-08,-33.50747227752839
2020-03-09,-26.176370707050637
2020-03-10,-20.3100043162976
2020-03-11,-28.320222162231296
2020-03-12,-37.763422956782804
2020-03-13,-41.53200976596177
2020-03-14,-43.66893735696455
2020-03-15,-32.90234661071149
2020-03-16,-19.720030726869787
2020-03-17,-17.65505163210112
2020-03-18,-19.974929608553374
2020-03-19,-32.60773691869149
2020-03-20,-39.54341659328014
2020-03-21,-29.232022984468045
2020-03-22,-23.29711559029277
2020-03-23,-12.417922026490853
2020-03-24,-13.084719693622628
2020-03-25,-16.646504599660602
2020-03-26,-24.70821601038222
2020-03-27,-33.6585952032806
2020-03-28,-26.84376406836664
2020-03-29,-19.23738712868243
2020-03-30,-8.433222956341172
2020-03-31,-6.256408580691986
2020-04-01,-5.994144552318854
2020-04-02,-20.466545292863152
2020-04-03,-28.978678648474506
2020-04-04,-21.38400390779242
2020-04-05,-16.547413413023627
2020-04-06,-3.041622453119981
2020-04-07,-5.6095429828230685
2020-04-08,-10.000148220588322
2020-04-09,-16.090324593269855
2020-04-10,-20.730987125942093
2020-04-11,-19.346047823296644
2020-04-12,-10.2081789218256
2020-04-13,-0.8282752760435557
2020-04-14,-1.004743954475165
2020-04-15,-5.162084034024982
2020-04-16,-14.49999230855901
2020-04-17,-16.781826369336486
2020-04-18,-15.842919845795072
2020-04-19,-11.33265646037864
2020-04-20,3.65168951313791
2020-04-21,4.570315663580246
2020-04-22,-2.287404781431084
2020-04-23,-9.124490937739726
2020-04-24,-14.223674416559463
2020-04-25,-11.820177702685795
2020-04-26,-6.538020272468201
2020-04-27,4.486363230029992
2020-04-28,8.624631967444083
2020-04-29,4.131297496880634
2020-04-30,-9.62733629515918
2020-05-01,-15.103027109209794
2020-05-02,-14.812661415388451
2020-05-03,-5.388448526900147
2020-05-04,8.624631967444083
2020-05-05,8.624631967444083
2020-05-06,3.3831321763801903
2020-05-07,-4.104606616001785
2020-05-08,-11.972442776795415
2020-05-09,-11.949761437136287
2020-05-10,0.16404865915868783
2020-05-11,8.624631967444083
2020-05-12,8.624631967444083
2020-05-13,8.624631967444083
2020-05-14,-11.698945973886609
2020-05-15,-9.403941301734784
2020-05-16,-8.74650218488207
2020-05-17,-0.15809596895717348
2020-05-18,8.624631967444083
2020-05-19,7.645743127199134
2020-05-20,8.624631967444083
2020-05-21,1.9060151291028493
2020-05-22,-1.6402532234052938
2020-05-23,-4.174257285686704
2020-05-24,4.616479863277251
2020-05-25,8.624631967444083
2020-05-26,8.624631967444083
2020-05-27,8.040805886951167
2020-05-28,-4.4028530816698765
2020-05-29,-8.176305612882807
2020-05-30,-6.792317733920198
2020-05-31,4.871797154970723
2020-06-01,8.624631967444083
2020-06-02,8.624631967444083
2020-06-03,6.962791913406262
2020-06-04,-6.0409323873523295
2020-06-05,-8.04990021523425
2020-06-06,-5.739352109887823
2020-06-07,3.08051002154407
2020-06-08,8.624631967444083
2020-06-09,8.624631967444083
2020-06-10,7.4370883082824
2020-06-11,-2.7157792971363293
2020-06-12,-10.294505039170474
2020-06-13,-6.31486345218613
2020-06-14,4.53785256090306
2020-06-15,8.624631967444083
2020-06-16,8.624631967444083
2020-06-17,8.624631967444083
2020-06-18,-1.6595994766581086
2020-06-19,-12.717179353958631
2020-06-20,-5.625668634945617
2020-06-21,4.014914659593163
2020-06-22,8.624631967444083
2020-06-23,8.624631967444083
2020-06-24,8.624631967444083
2020-06-25,-1.279988590787756
2020-06-26,-10.57423049568024
2020-06-27,-2.4465772277960802
2020-06-28,5.988540336827855
2020-06-29,8.624631967444083
2020-06-30,8.624631967444083
2020-07-01,8.624631967444083
2020-07-02,-4.493303095507999
2020-07-03,-5.989435500631059
2020-07-04,0.36042235187129457
2020-07-05,1.8127739371610456
2020-07-06,8.624631967444083
2020-07-07,8.624631967444083
2020-07-08,8.30119299490048
2020-07-09,-4.709835126416634
2020-07-10,-7.134654218347773
2020-07-11,-7.625459253529717
2020-07-12,5.615087553608737
2020-07-13,8.624631967444083
2020-07-14,8.624631967444083
2020-07-15,7.73443837426994
2020-07-16,-1.5078425927679628
2020-07-17,-5.143545642600529
2020-07-18,-7.919473117635707
2020-07-19,5.126230601471166
2020-07-20,8.624631967444083
2020-07-21,8.624631967444083
2020-07-22,8.624631967444083
2020-07-23,0.07390993803598711
2020-07-24,-5.094804697371465
2020-07-25,-7.805249711559843
2020-07-26,1.3877113944363995
2020-07-27,8.624631967444083
2020-07-28,8.624631967444083
2020-07-29,8.624631967444083
2020-07-30,0.4324823680787926
2020-07-31,-8.603690601481935
2020-08-01,-3.98260492815359
2020-08-02,5.57538783012585
2020-08-03,8.624631967444083
2020-08-04,8.624631967444083
2020-08-05,8.624631967444083
2020-08-06,-3.238114554113773
2020-08-07,-5.082753916487656
2020-08-08,-6.814467708855421
2020-08-09,7.002147724152708
2020-08-10,8.624631967444083
2020-08-11,8.624631967444083
2020-08-12,8.624631967444083
2020-08-13,0.9913916658816184
2020-08-14,-4.442198775070915
2020-08-15,0.5987281284411043
2020-08-16,4.663415420651736
2020-08-17,8.624631967444083
2020-08-18,8.624631967444083
2020-08-19,8.566068390622439
2020-08-20,0.04295508609934551
2020-08-21,-5.359263870853307
2020-08-22,-3.1572082880598256
2020-08-23,7.648448019633227
2020-08-24,8.624631967444083
2020-08-25,8.624631967444083
2020-08-26,8.624631967444083
2020-08-27,7.378455562759479
2020-08-28,-4.295611582790858
2020-08-29,-5.62929388285273
2020-08-30,3.276089576688971
2020-08-31,8.624631967444083
2020-09-01,8.624631967444083
2020-09-02,8.624631967444083
2020-09-03,2.1762494609542724
2020-09-04,-5.61591209635587
2020-09-05,-5.1665420491529686
2020-09-06,2.6140253418316046
2020-09-07,8.624631967444083
2020-09-08,8.624631967444083
2020-09-09,8.624631967444083
2020-09-10,-1.6287934444960488
2020-09-11,-4.497213750726098
2020-09-12,-1.5712747843261141
2020-09-13,4.717839003085695
2020-09-14,8.624631967444083
2020-09-15,8.624631967444083
2020-09-16,8.624631967444083
2020-09-17,2.9519756251243994
2020-09-18,-2.9448238571949474
2020-09-19,0.7678653295641151
2020-09-20,8.624631967444083
2020-09-21,8.624631967444083
2020-09-22,8.624631967444083
2020-09-23,8.624631967444083
2020-09-24,3.9936551700789398
2020-09-25,-2.3961969687470717
2020-09-26,8.366277695478525
2020-09-27,8.624631967444083
2020-09-28,8.624631967444083
2020-09-29,8.624631967444083
2020-09-30,8.624631967444083
2020-10-01,2.650601254867162
2020-10-02,-1.0459409468110241
2020-10-03,-2.446374980901629
2020-10-04,8.389002862604313
2020-10-05,8.624631967444083
2020-10-06,8.624631967444083
2020-10-07,8.624631967444083
2020-10-08,-0.4256135865851842
2020-10-09,-0.4137462492820596
2020-10-10,-3.722058542496792
2020-10-11,8.624631967444083
2020-10-12,8.624631967444083
2020-10-13,8.624631967444083
2020-10-14,8.624631967444083
2020-10-15,3.3268005711588344
2020-10-16,0.4513871444684696
2020-10-17,-0.6252654211419557
2020-10-18,8.624631967444083
2020-10-19,8.624631967444083
2020-10-20,8.624631967444083
2020-10-21,8.624631967444083
2020-10-22,7.634053857807304
2020-10-23,-5.3681158484022
2020-10-24,2.6171090032032094
2020-10-25,8.624631967444083
2020-10-26,8.624631967444083
2020-10-27,8.624631967444083
2020-10-28,8.624631967444083
2020-10-29,8.299129744786216
2020-10-30,2.853367949018349
2020-10-31,0.15110351046342352
2020-11-01,8.624631967444083
2020-11-02,8.624631967444083
2020-11-03,8.624631967444083
2020-11-04,8.624631967444083
2020-11-05,8.624631967444083
2020-11-06,-1.4269879050782084
2020-11-07,6.487872021448807
2020-11-08,8.624631967444083
2020-11-09,8.624631967444083
2020-11-10,8.624631967444083
2020-11-11,8.624631967444083
2020-11-12,8.624631967444083
2020-11-13,1.023374468943901
2020-11-14,6.373590290027762
2020-11-15,8.624631967444083
2020-11-16,8.624631967444083
2020-11-17,8.624631967444083
2020-11-18,8.624631967444083
2020-11-19,5.175331101198465
2020-11-20,0.5973746777711852
2020-11-21,0.39987814157211865
2020-11-22,8.624631967444083
2020-11-23,8.624631967444083
2020-11-24,8.624631967444083
2020-11-25,8.624631967444083
2020-11-26,8.624631967444083
2020-11-27,-2.843348071976239
2020-11-28,5.836061284461378
2020-11-29,8.624631967444083
2020-11-30,8.624631967444083
2020-12-01,8.624631967444083
2020-12-02,8.624631967444083
2020-12-03,4.592853523213913
2020-12-04,-0.5047487525848755
2020-12-05,0.3641502523160778
2020-12-06,8.624631967444083
2020-12-07,8.624631967444083
2020-12-08,8.624631967444083
2020-12-09,8.624631967444083
2020-12-10,8.624631967444083
2020-12-11,-8.498438927491954
2020-12-12,-2.27104437653694
2020-12-13,8.318904121552498
2020-12-14,8.624631967444083
2020-12-15,8.624631967444083
2020-12-16,8.624631967444083
2020-12-17,-0.7512290657947442
2020-12-18,-6.433894777876143
2020-12-19,0.47217994609393266
2020-12-20,8.624631967444083
2020-12-21,8.624631967444083
2020-12-22,8.624631967444083
2020-12-23,8.624631967444083
2020-12-24,8.624631967444083
2020-12-25,2.5019748662399515
2020-12-26,1.840994568210716
2020-12-27,8.624631967444083
2020-12-28,8.624631967444083
2020-12-29,8.624631967444083
2020-12-30,8.624631967444083
2020-12-31,8.624631967444083
2021-01-01,8.128225022167546
2021-01-02,6.233667045566685
2021-01-03,8.624631967444083
2021-01-04,8.624631967444083
2021-01-05,8.624631967444083
2021-01-06,8.624631967444083
2021-01-07,8.624631967444083
2021-01-08,8.624631967444083
2021-01-09,8.624631967444083
2021-01-10,8.624631967444083
2021-01-11,8.624631967444083
2021-01-12,8.624631967444083
2021-01-13,8.624631967444083
2021-01-14,8.624631967444083
2021-01-15,8.624631967444083
2021-01-16,8.624631967444083
2021-01-17,8.624631967444083
2021-01-18,8.624631967444083
2021-01-19,8.624631967444083
2021-01-20,8.624631967444083
2021-01-21,8.624631967444083
2021-01-22,8.624631967444083
2021-01-23,8.624631967444083
2021-01-24,8.624631967444083
2021-01-25,8.624631967444083
2021-01-26,8.624631967444083
2021-01-27,8.624631967444083
2021-01-28,8.624631967444083
2021-01-29,8.624631967444083
2021-01-30,8.624631967444083
2021-01-31,8.624631967444083
